id_compra,id_fornecedor,id_produto,data_compra,quantidade,preco_unitario,valor_total
1,36,251,2025-06-10,119,30.31,3606.84
2,14,693,2025-09-17,233,132.47,30865.0
3,55,33,2024-10-07,563,85.55,48164.33
4,30,518,2025-01-17,35,91.58,3205.17
5,92,666,2024-11-27,32,508.63,16276.18
6,58,604,2025-04-10,563,382.21,215185.18
7,1,778,2025-07-14,289,730.01,210973.46
8,44,285,2024-10-28,168,630.74,105964.38
9,98,345,2024-02-05,164,200.06,32809.82
10,13,368,2025-06-26,109,90.73,9889.49
11,104,45,2025-05-26,357,546.52,195108.93
12,119,388,2024-02-06,475,486.32,230999.84
13,107,644,2024-12-06,85,500.42,42535.72
14,91,72,2025-11-03,375,523.0,196124.29
15,99,297,2025-03-13,51,597.85,30490.19
16,111,104,2025-10-16,86,770.94,66301.13
17,82,374,2024-10-31,394,255.95,100845.27
18,27,687,2025-07-19,171,338.2,57832.44
19,88,664,2025-10-16,278,634.02,176258.59
20,22,547,2025-10-30,78,551.34,43004.9
21,49,277,2025-01-24,255,153.76,39207.53
22,42,787,2024-08-26,575,203.9,117240.62
23,5,324,2024-08-06,62,212.31,13163.27
24,28,581,2025-08-02,415,246.82,102432.32
25,64,406,2024-07-18,327,197.66,64635.76
26,18,253,2024-10-07,474,135.44,64199.25
27,96,599,2024-03-11,579,488.77,282996.52
28,52,371,2024-12-14,443,808.86,358324.1
29,18,522,2024-12-27,229,897.61,205553.74
30,7,113,2025-11-11,510,89.09,45436.51
31,102,697,2024-06-03,161,567.68,91396.78
32,50,391,2025-10-05,437,540.0,235978.63
33,71,12,2024-10-14,484,479.97,232305.48
34,69,769,2025-04-04,122,616.09,75162.45
35,44,115,2025-09-13,278,693.59,192818.04
36,59,4,2025-05-16,305,395.81,120722.23
37,98,183,2025-05-09,274,874.92,239729.23
38,112,641,2024-08-30,524,822.06,430761.55
39,65,624,2024-08-05,310,758.77,235218.41
40,98,166,2024-08-20,208,144.33,30021.19
41,119,544,2025-10-26,557,858.52,478196.63
42,63,20,2025-09-25,5,542.26,2711.29
43,113,315,2025-04-15,119,836.76,99573.96
44,113,581,2025-07-11,250,59.67,14917.31
45,63,71,2025-08-15,85,84.4,7174.24
46,17,676,2025-11-21,550,691.12,380118.37
47,22,272,2024-09-07,491,852.59,418621.21
48,55,217,2025-02-21,545,786.21,428484.6
49,89,206,2024-06-04,557,681.7,379704.98
50,86,666,2025-06-12,324,363.9,117903.97
51,67,463,2025-07-08,387,398.79,154329.9
52,9,347,2025-12-24,128,229.13,29328.87
53,30,603,2024-05-20,26,532.77,13852.06
54,91,647,2024-08-26,230,14.41,3315.27
55,116,33,2025-02-12,65,212.22,13794.04
56,31,286,2024-12-13,343,71.2,24423.23
57,17,741,2025-12-14,502,199.1,99947.81
58,32,485,2024-10-20,589,521.98,307446.69
59,13,675,2026-01-16,421,177.85,74873.02
60,53,479,2025-01-15,446,324.03,144518.91
61,83,101,2024-11-09,60,608.64,36518.47
62,44,112,2025-08-31,67,367.14,24598.26
63,69,460,2024-10-26,259,178.9,46334.67
64,36,474,2025-01-25,148,384.32,56879.13
65,10,454,2025-01-01,260,788.04,204890.78
66,84,554,2025-12-03,568,95.33,54150.04
67,119,772,2024-10-02,20,872.34,17446.89
68,63,493,2024-06-24,247,156.35,38618.33
69,116,61,2025-08-30,223,779.27,173776.8
70,50,272,2024-05-27,173,346.04,59865.62
71,90,749,2025-08-15,470,262.44,123347.89
72,63,159,2025-09-07,574,598.39,343475.41
73,8,594,2025-10-15,199,272.66,54260.01
74,41,59,2025-02-04,560,62.37,34929.53
75,65,544,2024-11-12,56,529.09,29628.84
76,66,83,2025-03-28,166,58.74,9750.27
77,9,692,2024-09-29,195,69.12,13478.6
78,114,584,2025-11-29,245,368.17,90201.11
79,6,635,2025-07-28,257,524.4,134769.72
80,75,579,2024-04-23,88,381.95,33611.48
81,34,210,2024-02-18,540,290.2,156709.03
82,51,135,2024-12-21,326,220.91,72015.97
83,119,770,2024-09-14,312,415.84,129743.43
84,80,577,2024-10-19,79,16.31,1288.44
85,28,519,2024-02-07,107,73.35,7848.3
86,45,71,2024-11-15,276,126.15,34817.75
87,21,449,2025-05-28,255,337.62,86092.63
88,79,670,2024-02-09,561,635.56,356547.82
89,105,568,2025-04-20,546,14.98,8178.1
90,14,138,2025-09-13,311,839.13,260968.31
91,14,761,2024-02-13,275,110.96,30514.65
92,37,620,2024-06-21,571,146.66,83742.59
93,27,704,2024-11-06,220,648.11,142584.22
94,33,53,2025-07-02,275,458.82,126176.84
95,107,284,2024-06-30,99,573.78,56804.39
96,99,134,2025-08-25,50,11.16,558.14
97,57,565,2024-02-07,273,152.13,41531.8
98,15,78,2025-02-23,442,508.33,224681.38
99,107,379,2024-10-05,157,494.67,77662.65
100,17,43,2024-12-25,570,140.1,79856.8
101,120,41,2025-08-18,320,333.27,106646.13
102,32,683,2025-02-06,371,195.39,72489.05
103,72,417,2026-01-30,110,323.48,35582.95
104,31,167,2025-03-31,163,833.78,135906.36
105,4,184,2025-08-21,186,794.22,147725.53
106,53,686,2025-12-22,345,705.89,243531.62
107,101,719,2024-12-17,259,245.99,63711.59
108,5,482,2025-05-14,115,349.23,40161.13
109,118,472,2026-01-19,232,186.02,43156.4
110,102,234,2026-01-24,363,280.23,101723.58
111,25,409,2024-05-16,233,29.11,6782.32
112,9,792,2026-01-12,341,256.51,87471.25
113,66,410,2025-12-21,290,321.22,93154.48
114,4,119,2024-05-13,554,303.39,168075.67
115,34,40,2024-11-14,272,167.28,45500.84
116,45,747,2025-07-29,116,540.14,62656.42
117,66,119,2024-11-26,326,397.26,129507.85
118,25,261,2024-09-10,399,810.36,323332.93
119,1,533,2024-03-16,50,640.24,32011.82
120,95,755,2024-08-06,556,620.68,345096.18
121,9,681,2024-07-22,206,332.89,68574.42
122,85,128,2025-05-03,343,563.85,193402.14
123,86,419,2024-10-25,312,460.35,143630.22
124,38,568,2025-12-28,339,366.94,124393.05
125,86,389,2024-02-16,135,179.12,24181.38
126,39,416,2025-09-28,183,557.04,101938.19
127,39,294,2025-04-07,566,751.68,425452.49
128,75,622,2025-09-02,220,391.46,86121.25
129,57,692,2024-10-10,334,422.77,141205.0
130,102,754,2025-09-23,223,463.97,103464.69
131,37,528,2025-06-10,178,595.69,106033.69
132,97,241,2025-08-19,348,91.3,31772.88
133,26,151,2024-03-06,322,208.38,67098.19
134,61,626,2024-10-14,30,49.22,1476.68
135,114,645,2024-07-16,79,414.23,32724.27
136,90,394,2025-11-05,594,181.44,107773.12
137,19,672,2024-05-07,511,364.49,186254.57
138,111,789,2025-05-25,10,804.25,8042.53
139,29,181,2025-12-31,114,702.35,80068.01
140,72,256,2024-02-23,535,422.38,225972.5
141,103,476,2024-06-20,129,415.16,53556.15
142,77,325,2024-03-19,548,889.2,487281.64
143,93,517,2025-08-04,458,554.49,253954.53
144,71,457,2025-05-29,441,748.87,330250.66
145,61,461,2025-12-18,167,671.34,112113.89
146,108,653,2024-09-22,270,678.58,183217.92
147,67,497,2024-10-05,288,691.11,199038.47
148,10,731,2025-10-05,249,252.94,62982.29
149,43,328,2025-07-26,297,217.17,64498.98
150,20,237,2024-04-24,558,79.88,44570.4
151,91,220,2025-06-14,397,627.0,248920.28
152,43,556,2025-06-13,70,378.06,26464.35
153,27,431,2025-03-01,482,378.87,182615.64
154,75,713,2024-11-11,403,815.12,328491.72
155,98,590,2025-04-07,25,772.2,19305.12
156,46,306,2024-05-22,394,433.47,170785.57
157,107,430,2024-05-07,404,769.28,310787.33
158,70,618,2025-02-16,556,674.78,375179.89
159,35,447,2024-07-17,230,443.5,102005.16
160,44,685,2024-05-27,502,33.89,17012.85
161,108,479,2024-02-09,419,653.97,274013.34
162,69,28,2024-03-21,135,882.8,119178.54
163,85,28,2024-06-10,408,535.97,218675.09
164,18,473,2024-08-12,90,581.33,52319.94
165,49,336,2024-04-07,191,52.85,10095.09
166,44,780,2024-04-03,221,413.59,91403.79
167,107,432,2026-01-26,393,256.2,100688.53
168,61,20,2024-05-26,263,752.74,197970.76
169,45,230,2025-06-07,557,54.46,30334.42
170,84,42,2024-09-20,75,704.86,52864.49
171,26,21,2025-03-07,36,855.05,30781.93
172,61,686,2025-05-23,161,220.78,35545.92
173,28,477,2024-03-24,122,511.06,62349.43
174,22,621,2024-03-12,267,692.07,184783.52
175,21,319,2025-12-09,122,701.79,85618.42
176,119,320,2024-04-03,115,524.19,60281.48
177,49,407,2024-02-22,594,612.19,363643.11
178,89,643,2024-05-29,208,75.79,15764.08
179,99,309,2025-05-09,253,98.9,25020.68
180,73,43,2024-05-27,128,718.23,91934.04
181,85,380,2024-04-29,360,483.21,173955.15
182,44,13,2024-07-04,75,459.32,34448.78
183,14,444,2025-07-03,435,741.52,322560.84
184,107,471,2025-12-06,375,574.94,215603.22
185,94,535,2025-05-01,161,396.45,63829.18
186,118,552,2025-05-11,281,557.39,156627.66
187,106,749,2024-08-12,500,422.67,211333.7
188,32,89,2026-02-03,279,295.5,82443.3
189,32,769,2025-06-26,290,794.42,230380.35
190,86,389,2025-12-16,480,516.31,247826.82
191,109,333,2025-05-21,349,33.6,11726.54
192,46,265,2025-11-04,191,442.89,84592.86
193,77,719,2025-03-02,353,257.46,90881.75
194,67,196,2025-05-28,287,503.77,144580.73
195,53,501,2024-11-03,92,223.29,20542.64
196,89,488,2025-03-03,573,684.28,392094.09
197,3,96,2025-01-24,507,407.77,206740.25
198,89,250,2025-06-14,306,205.66,62933.18
199,48,485,2026-01-28,318,600.25,190880.24
200,55,764,2025-08-23,571,481.58,274983.53
201,90,465,2024-05-27,568,303.07,172141.4
202,30,124,2024-10-21,282,281.51,79385.17
203,96,549,2025-08-26,202,289.47,58472.69
204,95,496,2024-12-11,194,178.85,34697.78
205,98,538,2024-08-05,288,654.33,188446.99
206,107,199,2025-03-14,294,882.62,259488.95
207,23,310,2025-09-13,308,210.91,64961.81
208,17,281,2025-10-07,19,639.55,12151.5
209,71,300,2025-09-22,51,877.07,44730.63
210,97,503,2024-06-16,134,576.98,77315.28
211,74,292,2025-05-15,110,786.47,86511.26
212,44,189,2025-06-22,485,435.01,210981.34
213,111,490,2024-05-25,57,233.21,13293.01
214,52,504,2025-05-12,121,741.33,89700.59
215,88,55,2025-10-21,80,522.7,41816.23
216,73,312,2025-09-16,160,141.08,22573.48
217,16,572,2025-11-22,92,894.57,82300.9
218,102,634,2025-04-29,431,548.84,236548.03
219,49,462,2025-07-25,236,699.92,165180.8
220,76,440,2025-04-24,458,273.24,125143.46
221,8,625,2025-06-04,317,515.22,163323.94
222,27,641,2026-01-05,106,853.25,90444.55
223,11,161,2025-09-07,221,244.06,53938.22
224,10,161,2024-06-15,250,163.04,40760.42
225,89,609,2025-04-10,7,372.4,2606.78
226,30,296,2025-01-22,486,267.8,130152.4
227,59,73,2025-05-05,294,635.06,186709.08
228,101,641,2024-10-17,244,832.13,203039.39
229,70,231,2024-02-10,207,387.22,80155.36
230,106,146,2025-01-28,157,818.3,128473.57
231,102,315,2025-07-12,78,61.2,4773.38
232,57,128,2024-08-27,587,829.7,487036.09
233,90,413,2025-10-24,484,622.3,301193.57
234,64,449,2024-03-13,283,454.42,128601.19
235,114,443,2024-10-17,87,541.45,47106.04
236,4,94,2025-11-13,335,546.51,183081.71
237,108,590,2024-04-19,239,866.02,206979.9
238,87,276,2024-11-18,26,899.62,23390.08
239,97,180,2024-09-06,595,43.89,26112.56
240,57,285,2025-01-28,486,470.92,228865.05
241,56,651,2026-01-01,190,897.28,170482.32
242,61,357,2025-03-27,508,872.4,443177.81
243,86,108,2024-12-28,423,305.31,129146.59
244,89,508,2025-06-04,169,302.18,51069.24
245,52,779,2025-01-09,300,599.02,179707.35
246,12,323,2024-07-26,568,40.73,23136.82
247,99,414,2024-03-12,263,296.36,77942.74
248,1,674,2025-05-30,531,743.84,394976.42
249,7,193,2025-09-17,560,420.08,235246.42
250,97,511,2025-04-23,535,330.71,176928.35
251,27,274,2024-03-27,457,685.91,313461.58
252,37,449,2025-03-09,567,124.86,70797.77
253,81,624,2025-03-12,501,116.31,58272.35
254,40,565,2026-01-17,250,641.13,160281.57
255,12,231,2024-08-24,19,500.61,9511.56
256,16,664,2025-09-02,121,419.61,50772.99
257,92,299,2025-09-08,162,452.55,73313.25
258,54,495,2024-09-26,526,637.23,335181.49
259,71,149,2024-11-15,488,225.41,109999.09
260,77,521,2024-04-17,397,178.02,70675.71
261,36,792,2024-03-23,144,778.71,112134.53
262,101,520,2025-04-08,429,311.17,133491.38
263,37,744,2025-03-30,278,739.93,205700.58
264,75,676,2025-04-02,310,755.03,234058.84
265,58,552,2025-12-05,506,779.81,394585.1
266,71,782,2024-07-03,500,315.85,157925.28
267,120,330,2024-08-03,561,344.47,193248.44
268,31,586,2025-09-17,198,882.85,174804.49
269,100,421,2025-02-06,397,216.34,85886.07
270,61,723,2024-08-19,49,291.81,14298.85
271,85,668,2024-08-27,395,352.38,139190.99
272,5,130,2024-06-04,160,449.83,71973.3
273,43,103,2025-03-21,519,869.1,451060.51
274,117,468,2024-05-07,455,96.94,44108.99
275,53,671,2025-02-20,20,652.42,13048.4
276,101,272,2024-04-15,163,74.75,12183.73
277,51,666,2024-08-09,351,563.95,197945.53
278,110,691,2025-11-15,87,767.77,66796.39
279,41,642,2025-09-14,551,346.97,191179.58
280,5,633,2025-04-13,504,786.17,396227.49
281,88,295,2025-03-29,75,217.42,16306.13
282,56,101,2025-03-18,237,674.12,159765.4
283,89,307,2025-06-02,107,403.76,43202.46
284,102,58,2024-11-18,34,49.02,1666.81
285,56,150,2025-01-19,305,327.75,99963.54
286,73,699,2025-07-15,255,481.8,122859.09
287,11,625,2025-05-02,189,159.63,30169.2
288,31,510,2025-06-29,396,560.78,222069.53
289,82,261,2024-10-13,151,215.11,32481.93
290,2,477,2025-02-09,475,235.75,111981.93
291,21,76,2025-03-15,299,612.43,183116.24
292,76,307,2025-07-25,457,851.15,388975.64
293,59,310,2025-06-14,439,623.76,273830.49
294,110,495,2025-11-30,208,899.44,187083.77
295,74,368,2024-09-11,114,219.59,25032.97
296,90,303,2025-08-31,593,271.92,161247.48
297,85,406,2024-11-25,27,880.33,23768.81
298,111,703,2024-08-19,286,15.22,4353.89
299,96,509,2024-04-09,55,820.27,45114.87
300,30,622,2024-11-10,298,699.96,208588.36
301,25,636,2025-10-05,365,203.35,74223.5
302,93,786,2024-06-21,261,612.57,159879.7
303,116,643,2025-03-05,145,568.4,82417.61
304,57,35,2025-10-02,45,283.57,12760.57
305,17,93,2024-12-08,598,333.46,199406.82
306,54,180,2025-07-31,307,299.43,91926.07
307,70,375,2024-02-14,210,125.89,26436.17
308,35,169,2025-06-07,548,455.6,249669.31
309,62,303,2024-11-29,268,823.33,220652.89
310,60,78,2025-09-01,351,725.38,254606.77
311,29,693,2024-08-26,149,680.7,101424.77
312,103,571,2025-07-18,411,870.8,357900.7
313,51,15,2025-08-11,379,88.55,33560.51
314,59,378,2024-08-23,275,486.62,133821.19
315,106,654,2024-09-10,273,529.43,144533.74
316,30,483,2024-05-05,385,104.64,40288.22
317,72,336,2025-05-04,30,560.64,16819.07
318,82,476,2024-11-29,231,585.71,135298.07
319,15,144,2024-09-12,314,587.12,184356.18
320,39,505,2025-02-15,51,852.07,43455.33
321,114,551,2025-06-07,123,94.7,11647.52
322,48,687,2024-07-30,143,354.67,50718.11
323,96,745,2025-01-24,558,381.86,213078.47
324,84,102,2025-08-13,163,797.79,130039.62
325,36,34,2024-08-29,506,557.16,281923.86
326,57,242,2024-05-30,384,201.8,77492.95
327,88,377,2025-01-05,376,96.62,36330.75
328,83,368,2024-07-17,562,812.31,456519.92
329,25,126,2025-01-19,67,363.14,24330.42
330,28,658,2024-12-28,470,89.77,42193.17
331,43,250,2026-01-09,26,53.12,1381.02
332,27,71,2025-09-18,133,709.98,94427.93
333,28,239,2024-08-28,572,192.78,110272.66
334,101,611,2024-08-21,341,698.74,238269.24
335,19,134,2026-01-03,7,255.33,1787.3
336,23,113,2024-04-28,558,231.58,129223.62
337,46,244,2025-04-27,31,125.57,3892.62
338,34,54,2025-03-04,336,22.08,7417.78
339,68,117,2025-08-31,134,669.61,89728.08
340,100,371,2025-04-10,70,432.81,30296.8
341,58,516,2025-09-25,530,537.55,284901.55
342,6,745,2024-07-03,231,851.31,196652.78
343,83,32,2024-04-26,538,277.05,149055.19
344,109,412,2025-06-14,67,898.74,60215.54
345,63,730,2024-12-14,441,620.0,273419.54
346,11,330,2024-10-26,459,73.55,33761.16
347,36,640,2025-08-13,156,66.59,10387.81
348,49,612,2024-08-08,566,643.24,364074.01
349,65,620,2025-07-01,548,271.05,148534.74
350,90,118,2025-01-19,445,96.47,42927.9
351,28,441,2025-03-13,569,650.99,370412.86
352,53,348,2025-07-24,467,800.18,373682.75
353,94,98,2024-05-21,469,363.67,170559.98
354,86,262,2024-10-08,325,388.67,126318.89
355,88,486,2025-02-26,388,858.6,333138.56
356,11,96,2024-03-08,73,89.37,6524.19
357,95,382,2025-03-09,447,94.14,42078.56
358,76,576,2024-09-12,138,504.28,69591.01
359,16,421,2025-03-29,580,302.04,175185.64
360,97,434,2026-01-05,367,787.26,288923.6
361,77,320,2025-09-25,57,871.81,49693.26
362,65,218,2024-10-15,365,100.41,36650.27
363,29,111,2025-06-01,163,593.81,96790.83
364,48,118,2024-11-12,363,762.07,276632.53
365,104,440,2024-03-01,290,520.1,150828.19
366,105,637,2025-12-06,579,877.3,507954.13
367,119,674,2024-02-17,575,31.42,18065.59
368,35,720,2024-06-10,278,33.83,9403.69
369,45,7,2024-08-16,321,830.01,266433.68
370,73,674,2024-05-18,190,783.92,148944.33
371,95,649,2025-03-16,415,70.07,29079.13
372,68,221,2024-05-19,36,89.85,3234.52
373,44,162,2024-08-03,390,382.49,149171.33
374,42,796,2025-11-10,383,285.98,109530.54
375,114,54,2024-11-29,586,539.83,316341.32
376,80,51,2025-02-26,164,148.41,24339.18
377,85,435,2026-01-10,88,250.72,22062.98
378,54,280,2025-01-30,502,549.51,275854.92
379,15,354,2025-08-16,225,681.41,153317.09
380,87,695,2024-06-20,445,106.91,47576.59
381,40,47,2025-07-07,503,478.03,240446.69
382,77,57,2024-04-05,230,360.57,82932.24
383,28,786,2025-08-09,12,190.35,2284.15
384,38,336,2025-10-27,145,689.63,99996.57
385,96,441,2024-02-20,127,14.9,1891.67
386,69,721,2024-09-23,184,123.23,22674.99
387,107,685,2025-07-28,240,454.23,109016.16
388,111,760,2024-03-13,367,72.29,26530.92
389,59,80,2025-06-30,48,397.11,19061.18
390,74,415,2025-07-11,325,521.58,169512.58
391,52,22,2026-01-09,432,266.25,115018.95
392,80,472,2024-08-01,337,161.31,54361.77
393,109,109,2025-09-28,375,86.61,32479.45
394,52,537,2026-02-02,254,396.62,100742.36
395,40,764,2024-08-12,85,361.02,30687.03
396,100,173,2024-11-21,352,205.64,72386.08
397,15,544,2024-05-09,83,463.35,38458.14
398,100,358,2024-07-14,527,180.96,95367.03
399,105,661,2025-09-05,364,656.82,239083.27
400,19,263,2024-12-27,156,218.75,34125.28
401,20,779,2024-05-25,207,162.76,33691.55
402,99,644,2025-09-18,82,166.01,13613.18
403,73,779,2024-08-15,510,421.85,215141.53
404,119,579,2026-01-15,598,408.42,244237.25
405,81,324,2025-10-29,335,778.91,260934.25
406,61,453,2025-06-17,159,400.27,63642.68
407,76,58,2025-10-19,315,718.33,226272.71
408,40,473,2025-10-23,365,460.54,168098.74
409,48,294,2024-06-01,467,41.55,19401.82
410,110,93,2024-11-27,83,583.04,48392.53
411,75,568,2025-08-15,524,350.96,183902.19
412,104,586,2025-06-17,47,409.16,19230.64
413,61,514,2025-03-17,197,294.8,58075.97
414,58,106,2024-05-31,159,862.29,137103.85
415,11,517,2025-08-05,356,884.29,314806.51
416,91,449,2025-05-30,181,42.91,7767.57
417,79,163,2024-05-16,454,475.47,215862.99
418,37,397,2024-08-05,377,340.58,128400.16
419,87,613,2025-04-21,423,698.82,295601.96
420,83,343,2025-12-16,58,711.99,41295.44
421,72,695,2024-08-07,72,302.08,21750.06
422,93,673,2025-10-03,400,261.46,104583.64
423,75,680,2024-03-16,158,305.36,48246.71
424,40,672,2025-02-10,149,825.74,123034.94
425,91,87,2025-03-04,406,123.02,49948.1
426,83,337,2025-05-07,322,506.56,163111.83
427,107,757,2025-08-18,135,605.74,81775.42
428,86,434,2025-05-28,544,91.36,49699.86
429,47,317,2024-06-07,525,330.75,173644.1
430,44,785,2024-11-09,189,856.44,161867.73
431,18,159,2025-04-03,502,179.27,89992.87
432,101,104,2024-09-28,84,271.85,22835.11
433,107,757,2024-12-08,524,695.62,364505.01
434,44,785,2025-10-20,544,41.67,22668.9
435,20,167,2024-04-22,139,540.74,75163.39
436,99,640,2025-01-22,190,749.56,142416.36
437,6,421,2024-07-12,174,651.3,113325.37
438,31,455,2025-05-30,378,611.32,231077.34
439,101,460,2025-12-20,296,679.13,201023.34
440,40,481,2025-12-08,244,484.34,118178.46
441,74,452,2026-01-20,203,336.11,68231.17
442,100,392,2024-10-22,477,694.34,331199.79
443,21,205,2024-04-27,519,478.49,248338.45
444,7,657,2025-11-03,146,786.72,114860.79
445,71,106,2025-09-08,497,787.71,391493.02
446,37,86,2025-05-08,533,767.24,408938.98
447,116,526,2025-05-08,169,251.33,42474.74
448,12,228,2024-02-27,155,749.29,116140.52
449,120,28,2025-02-08,466,797.09,371443.83
450,65,383,2026-01-07,429,55.51,23811.71
451,11,384,2024-09-11,246,352.46,86705.2
452,120,102,2025-01-15,234,33.14,7755.53
453,18,40,2026-01-24,348,713.91,248441.21
454,61,713,2025-05-09,298,826.32,246242.58
455,61,460,2024-03-28,147,684.89,100678.29
456,3,263,2025-12-15,10,816.02,8160.25
457,71,745,2025-09-17,225,752.79,169377.09
458,100,296,2025-11-11,545,385.54,210121.07
459,7,245,2025-05-05,248,276.63,68603.46
460,80,469,2026-01-29,434,577.94,250828.11
461,116,512,2025-02-12,69,106.89,7375.08
462,66,589,2024-05-09,553,22.66,12531.16
463,38,440,2024-09-17,252,648.94,163533.27
464,31,585,2024-04-26,6,556.41,3338.46
465,86,88,2025-10-04,431,175.08,75461.21
466,9,539,2025-01-13,541,877.39,474668.97
467,65,568,2025-01-20,562,460.54,258821.4
468,61,45,2024-12-09,25,356.28,8907.12
469,33,766,2025-06-15,401,883.09,354117.95
470,9,354,2025-01-18,21,326.53,6857.08
471,81,107,2025-07-23,251,661.78,166107.63
472,43,137,2025-05-12,600,663.79,398272.07
473,44,659,2025-11-09,50,322.25,16112.54
474,88,476,2025-05-03,184,748.7,137761.21
475,104,139,2024-06-07,495,571.51,282896.65
476,59,38,2024-04-23,69,646.71,44623.14
477,102,205,2024-11-03,305,187.82,57284.85
478,40,528,2025-02-02,47,289.51,13607.04
479,70,485,2024-11-02,412,890.3,366802.55
480,83,196,2025-02-23,264,40.67,10735.75
481,100,49,2024-07-14,297,326.42,96947.03
482,103,377,2026-01-05,344,251.71,86587.97
483,96,451,2024-11-12,452,801.42,362242.73
484,24,509,2024-05-14,400,310.42,124168.27
485,103,532,2025-02-26,514,335.67,172536.16
486,94,435,2025-02-02,278,722.62,200889.5
487,106,185,2024-07-25,85,392.1,33328.63
488,14,82,2025-03-16,563,270.04,152032.32
489,40,457,2025-11-29,340,597.54,203163.58
490,57,360,2024-12-29,441,156.65,69081.39
491,112,362,2025-10-22,462,45.78,21150.73
492,102,59,2025-01-02,450,252.9,113806.52
493,52,373,2024-06-01,81,606.7,49142.38
494,87,164,2024-07-07,530,722.58,382966.13
495,78,695,2025-02-19,36,135.36,4872.93
496,9,242,2024-08-29,453,39.04,17685.43
497,73,34,2025-04-16,380,331.04,125794.56
498,48,381,2025-03-20,162,613.72,99423.18
499,74,141,2024-05-18,459,688.67,316100.15
500,41,666,2024-02-29,547,335.32,183419.69
501,15,27,2024-12-15,290,230.65,66889.54
502,50,576,2024-03-02,195,453.15,88363.71
503,34,721,2025-06-20,125,241.5,30188.1
504,79,293,2025-12-30,461,199.4,91921.93
505,18,76,2024-12-18,507,186.56,94585.45
506,92,456,2024-03-27,467,162.01,75658.43
507,109,328,2024-11-15,94,730.98,68711.91
508,71,556,2024-10-19,360,640.91,230727.64
509,109,162,2024-10-29,302,803.07,242526.49
510,66,230,2025-04-20,183,715.98,131023.82
511,102,143,2024-04-07,129,886.74,114389.23
512,4,370,2025-08-12,247,713.01,176114.15
513,60,565,2025-02-05,572,518.47,296565.67
514,12,68,2026-01-15,137,553.86,75878.54
515,92,737,2025-07-28,321,363.16,116573.94
516,99,420,2024-03-10,495,476.92,236075.66
517,41,658,2026-01-29,593,73.79,43754.88
518,88,530,2025-07-15,80,409.38,32750.18
519,107,799,2024-06-09,357,122.47,43723.39
520,24,787,2024-09-17,569,578.7,329278.13
521,117,57,2024-09-09,137,393.9,53963.69
522,39,169,2024-10-12,132,470.15,62059.42
523,91,231,2025-08-30,170,295.81,50288.28
524,67,291,2024-06-22,359,853.15,306282.63
525,82,565,2024-08-18,85,231.54,19680.89
526,39,630,2024-04-21,286,119.65,34220.44
527,83,173,2025-01-13,551,91.34,50327.31
528,85,640,2024-04-26,599,145.54,87179.23
529,73,43,2024-05-09,350,759.54,265837.87
530,83,790,2024-10-28,34,80.45,2735.33
531,27,786,2025-12-18,595,244.07,145223.48
532,82,32,2024-11-23,590,379.6,223961.29
533,70,297,2024-02-05,514,800.99,411706.4
534,104,702,2024-05-18,314,438.79,137779.05
535,10,706,2025-11-30,420,273.31,114790.63
536,54,496,2026-01-31,66,149.01,9834.51
537,78,148,2025-08-08,480,189.99,91194.49
538,41,752,2024-07-07,325,776.44,252344.52
539,17,779,2025-10-25,358,878.03,314336.07
540,14,327,2025-09-29,384,467.36,179467.12
541,35,461,2026-01-16,252,424.09,106871.57
542,7,298,2024-11-25,258,133.66,34485.02
543,54,255,2025-08-03,398,778.83,309975.99
544,120,592,2024-07-01,168,733.62,123248.54
545,21,511,2025-10-19,325,177.33,57632.91
546,113,316,2025-10-11,532,424.4,225780.31
547,51,518,2025-06-10,514,28.67,14738.05
548,28,598,2024-09-11,473,870.28,411644.56
549,37,507,2024-03-17,366,51.4,18813.52
550,2,111,2024-03-14,486,262.89,127763.35
551,34,745,2024-06-11,446,127.47,56851.61
552,47,47,2025-09-22,379,689.36,261267.53
553,72,200,2024-07-09,415,53.63,22257.55
554,10,396,2025-06-05,376,501.47,188554.54
555,71,287,2025-03-02,521,409.72,213462.09
556,13,404,2025-08-23,126,122.77,15468.74
557,44,572,2025-10-08,387,717.05,277497.7
558,26,617,2024-09-23,379,681.43,258261.57
559,6,47,2024-05-24,526,366.04,192535.61
560,43,486,2024-09-23,44,130.24,5730.4
561,78,528,2024-07-30,536,415.63,222779.71
562,79,327,2025-03-07,148,300.55,44480.74
563,79,758,2025-04-15,171,358.52,61306.15
564,65,522,2025-12-15,311,537.6,167194.34
565,73,307,2025-07-24,550,444.94,244718.77
566,48,340,2024-05-11,491,735.65,361203.15
567,75,316,2024-07-31,117,882.07,103202.08
568,34,672,2025-10-30,32,540.44,17294.19
569,93,53,2025-03-21,597,523.25,312380.18
570,81,739,2025-10-08,496,160.1,79407.99
571,88,249,2026-01-17,394,139.82,55087.48
572,90,113,2025-12-11,37,518.73,19193.11
573,41,429,2025-06-22,200,24.89,4978.43
574,27,421,2026-02-03,160,376.36,60217.67
575,118,483,2024-04-05,518,699.28,362224.6
576,67,213,2025-07-27,68,637.55,43353.5
577,85,490,2025-04-29,579,297.94,172509.68
578,23,471,2024-02-16,543,344.13,186861.34
579,46,693,2024-11-17,550,313.36,172345.63
580,25,253,2024-11-14,275,552.19,151851.79
581,29,305,2024-10-01,290,505.81,146685.85
582,89,722,2024-12-30,300,636.77,191031.49
583,45,574,2024-04-06,505,290.8,146854.17
584,74,693,2024-12-17,285,264.71,75441.82
585,51,354,2024-03-18,561,346.69,194491.53
586,37,732,2025-05-14,154,267.08,41130.9
587,57,672,2024-09-30,85,316.96,26941.28
588,28,207,2024-03-17,267,674.63,180125.13
589,72,713,2025-05-04,556,249.85,138916.82
590,79,759,2025-05-07,283,130.45,36916.64
591,86,544,2024-12-07,250,224.27,56068.14
592,7,103,2025-06-10,236,577.05,136182.99
593,61,103,2025-04-17,428,302.62,129522.18
594,71,162,2025-12-06,145,12.62,1830.17
595,113,488,2024-08-18,421,590.38,248550.14
596,97,295,2025-02-04,493,588.28,290022.29
597,8,788,2024-02-15,333,262.59,87442.63
598,30,548,2024-07-17,96,589.85,56625.64
599,23,428,2025-03-09,43,822.6,35371.84
600,5,407,2025-04-26,185,841.06,155595.91
601,96,297,2024-04-12,512,174.19,89185.27
602,73,618,2025-10-19,43,16.27,699.45
603,43,292,2025-01-28,114,836.18,95324.72
604,70,537,2024-09-15,470,890.28,418430.06
605,18,517,2024-05-11,510,801.22,408622.14
606,104,116,2024-09-26,484,251.37,121663.41
607,59,664,2024-08-13,343,152.94,52460.09
608,2,755,2024-02-09,268,648.99,173929.2
609,73,691,2024-03-10,350,713.36,249677.66
610,110,655,2024-11-05,202,164.54,33237.38
611,66,336,2025-09-17,420,745.67,313183.47
612,13,190,2025-06-13,93,365.54,33995.52
613,120,255,2025-12-08,148,433.89,64215.58
614,31,458,2025-10-05,11,240.62,2646.83
615,39,597,2024-06-21,278,859.0,238801.74
616,84,369,2025-08-11,591,18.2,10756.6
617,16,477,2025-04-20,246,63.41,15600.07
618,88,515,2024-08-22,319,150.47,47999.1
619,82,303,2025-05-22,323,623.74,201467.7
620,29,137,2025-08-09,381,556.25,211929.69
621,96,621,2024-06-09,494,144.64,71452.91
622,71,483,2025-11-15,387,378.93,146647.57
623,106,224,2024-08-09,555,723.38,401475.64
624,77,84,2025-12-24,258,614.86,158635.17
625,91,371,2024-11-24,543,406.5,220729.06
626,15,64,2025-05-07,84,826.18,69399.31
627,26,587,2025-09-12,565,813.38,459557.57
628,42,533,2025-05-08,554,141.67,78484.25
629,27,735,2025-06-18,457,111.69,51040.55
630,66,457,2024-08-15,505,89.12,45005.57
631,66,426,2025-10-22,61,412.46,25160.16
632,72,474,2024-08-20,472,511.01,241196.14
633,51,261,2024-12-11,320,653.17,209013.07
634,75,75,2025-04-01,8,673.26,5386.06
635,90,66,2024-06-16,51,385.94,19682.84
636,120,71,2024-05-08,559,894.76,500169.89
637,53,185,2024-07-22,488,36.31,17718.06
638,94,662,2025-10-19,143,691.12,98829.92
639,115,392,2025-02-23,435,342.02,148778.33
640,117,387,2025-12-18,464,783.7,363637.4
641,85,553,2025-02-19,389,79.58,30957.78
642,45,122,2024-06-30,141,590.95,83324.29
643,51,542,2024-08-06,187,893.62,167106.81
644,29,4,2024-02-06,135,657.25,88728.68
645,60,690,2024-06-28,28,880.81,24662.78
646,49,236,2024-10-29,562,386.32,217113.08
647,20,283,2024-03-13,258,418.88,108070.46
648,93,784,2025-05-31,198,844.17,167145.67
649,85,430,2025-06-22,120,36.74,4408.54
650,9,104,2024-10-27,21,222.67,4676.16
651,87,721,2025-05-09,39,406.23,15842.79
652,6,412,2025-01-25,54,226.3,12220.35
653,28,773,2024-12-24,454,217.03,98531.91
654,38,240,2024-04-28,62,133.0,8246.06
655,77,792,2024-07-01,594,292.46,173722.49
656,113,147,2025-04-15,333,219.32,73033.03
657,39,282,2025-10-27,538,205.17,110381.53
658,76,753,2024-10-05,67,504.59,33807.7
659,55,570,2024-05-04,184,566.39,104215.0
660,45,659,2025-03-09,512,49.82,25508.15
661,41,714,2025-05-09,395,708.94,280030.39
662,39,386,2026-01-23,431,372.17,160404.06
663,61,247,2025-11-09,193,680.94,131421.26
664,91,148,2024-07-02,235,276.26,64920.37
665,72,423,2025-07-21,479,823.95,394671.63
666,18,398,2024-08-29,431,505.1,217698.01
667,43,663,2025-10-04,253,235.46,59570.4
668,109,380,2025-02-28,85,830.63,70603.18
669,107,196,2024-04-04,99,485.79,48092.9
670,87,620,2024-03-20,57,247.47,14105.66
671,25,780,2025-03-04,45,787.27,35427.13
672,27,341,2025-08-29,577,201.58,116310.93
673,2,217,2024-04-08,315,861.66,271423.41
674,16,765,2025-03-24,199,866.17,172368.46
675,90,619,2024-09-20,495,823.68,407722.41
676,31,566,2025-07-04,214,361.8,77424.3
677,49,478,2025-12-02,334,699.76,233719.3
678,40,268,2025-06-06,551,586.66,323249.35
679,64,478,2025-02-03,373,465.43,173606.27
680,93,481,2025-05-06,105,724.11,76031.8
681,48,321,2025-02-01,332,823.58,273429.49
682,111,227,2024-12-03,428,48.78,20877.06
683,71,599,2024-03-07,154,22.47,3460.1
684,38,157,2026-01-01,598,650.25,388849.89
685,49,584,2025-02-14,205,302.24,61959.17
686,84,702,2025-05-24,256,453.38,116064.49
687,106,501,2025-02-19,350,237.54,83137.41
688,94,361,2025-02-27,507,419.06,212463.15
689,70,501,2025-11-18,178,132.84,23646.06
690,70,658,2025-05-30,193,825.87,159393.73
691,108,77,2025-08-31,65,475.36,30898.3
692,53,141,2024-04-07,54,689.79,37248.67
693,20,10,2024-09-15,241,68.63,16539.2
694,48,62,2025-04-13,228,459.11,104677.94
695,3,7,2024-04-08,499,596.08,297444.73
696,2,18,2025-04-21,549,500.07,274536.26
697,69,294,2025-11-15,547,652.2,356751.16
698,90,691,2024-02-14,22,455.98,10031.49
699,117,184,2024-04-11,445,727.1,323560.21
700,68,153,2026-01-06,114,826.9,94266.55
701,68,259,2024-07-14,251,179.2,44980.05
702,51,81,2025-06-13,367,246.45,90448.5
703,59,579,2024-09-08,387,863.69,334249.44
704,29,308,2025-10-30,254,891.29,226387.12
705,110,666,2025-07-16,87,591.13,51428.51
706,49,387,2025-10-24,37,91.4,3381.89
707,82,10,2025-06-27,570,432.6,246580.03
708,109,445,2024-09-19,180,81.76,14716.08
709,110,98,2025-01-04,344,512.74,176383.97
710,30,217,2024-02-10,545,827.88,451196.66
711,6,77,2025-12-03,585,432.15,252805.56
712,73,674,2025-06-28,292,810.19,236574.31
713,109,323,2024-11-02,38,167.98,6383.4
714,76,148,2025-05-27,21,865.63,18178.24
715,39,167,2025-03-01,412,836.56,344661.26
716,107,399,2025-07-04,582,222.5,129495.7
717,97,758,2025-10-11,558,303.9,169577.88
718,89,742,2025-10-06,148,713.12,105542.4
719,45,55,2024-12-23,85,454.71,38650.11
720,108,78,2025-05-16,105,397.88,41777.69
721,79,610,2025-12-11,353,547.81,193377.11
722,42,31,2025-03-31,411,872.28,358505.89
723,58,503,2024-02-09,284,706.92,200766.68
724,49,443,2024-12-13,238,325.38,77441.29
725,85,390,2025-07-05,195,614.29,119786.12
726,38,253,2024-11-22,92,696.77,64103.15
727,20,390,2025-07-05,80,81.18,6494.23
728,41,370,2025-06-15,162,667.77,108179.15
729,40,456,2024-08-15,114,89.64,10218.53
730,14,136,2025-08-20,373,687.12,256296.16
731,58,571,2024-10-07,94,175.15,16464.43
732,14,27,2024-12-11,573,465.1,266500.72
733,12,612,2024-05-28,96,323.69,31074.39
734,2,299,2025-07-28,337,778.44,262333.14
735,11,743,2024-04-29,428,353.92,151476.56
736,32,586,2025-09-14,577,815.45,470511.86
737,49,174,2024-11-20,538,159.27,85686.17
738,35,505,2025-11-23,147,247.88,36437.73
739,56,283,2024-03-27,154,64.43,9922.88
740,101,79,2024-02-24,436,275.38,120065.25
741,32,739,2025-04-01,374,232.52,86961.05
742,26,469,2024-08-31,512,537.68,275289.76
743,1,406,2024-05-01,114,128.86,14689.66
744,49,338,2024-07-29,345,758.72,261758.1
745,105,667,2025-05-01,455,306.58,139496.04
746,78,712,2025-05-18,144,275.99,39742.31
747,23,408,2025-11-05,210,435.28,91408.1
748,89,649,2024-03-04,331,267.97,88698.65
749,101,249,2025-05-01,507,871.24,441721.05
750,105,403,2024-02-18,338,343.44,116083.17
751,73,205,2024-10-13,378,109.59,41424.24
752,99,564,2024-12-15,563,168.5,94862.73
753,60,726,2025-09-11,32,858.08,27458.56
754,38,710,2024-02-18,219,399.1,87403.3
755,102,419,2024-09-11,75,738.52,55388.8
756,39,248,2025-04-26,516,132.15,68188.25
757,92,434,2024-08-23,263,595.53,156623.7
758,77,491,2024-10-26,391,73.98,28924.97
759,119,709,2025-03-29,415,484.66,201132.12
760,102,369,2025-08-07,433,492.93,213439.35
761,118,88,2024-06-18,554,537.69,297878.81
762,85,681,2024-11-23,116,693.91,80493.21
763,79,46,2024-04-08,368,156.37,57545.61
764,87,663,2025-11-15,581,885.38,514404.92
765,43,441,2024-07-18,414,870.4,360343.75
766,34,228,2024-07-14,113,17.41,1967.17
767,72,595,2025-11-09,527,674.19,355299.66
768,48,401,2025-08-21,594,205.16,121865.22
769,76,708,2024-08-08,479,696.93,333829.12
770,4,495,2025-10-04,517,142.46,73654.14
771,118,88,2024-11-04,112,271.53,30410.86
772,94,146,2024-10-14,123,749.54,92192.86
773,59,212,2025-06-10,361,286.21,103320.43
774,61,100,2024-02-04,538,438.77,236058.26
775,58,327,2025-07-16,453,652.02,295364.42
776,104,728,2024-10-08,73,275.84,20136.0
777,44,664,2025-04-16,122,28.15,3433.8
778,22,759,2025-02-22,116,612.01,70992.96
779,71,164,2024-06-02,254,468.27,118939.71
780,60,238,2024-10-05,343,507.39,174033.15
781,24,656,2025-07-22,419,569.75,238723.66
782,95,629,2024-10-23,447,360.86,161304.19
783,55,399,2024-10-05,207,409.02,84667.33
784,27,286,2024-11-15,9,636.62,5729.62
785,103,550,2024-05-05,69,522.99,36086.61
786,26,469,2025-05-16,196,334.29,65520.33
787,111,502,2025-04-30,121,242.02,29284.33
788,41,612,2025-07-27,545,869.6,473930.6
789,76,117,2025-01-13,402,553.29,222421.42
790,59,633,2024-07-15,361,321.97,116231.37
791,91,305,2026-01-03,181,733.85,132827.67
792,41,121,2025-10-15,91,607.52,55284.52
793,24,383,2025-09-22,249,280.4,69819.34
794,54,611,2025-10-20,149,463.66,69084.71
795,55,191,2024-08-21,146,520.73,76026.14
796,89,661,2026-01-16,503,574.87,289158.33
797,63,296,2025-04-13,182,502.98,91542.73
798,108,462,2026-01-27,148,174.89,25884.01
799,2,497,2024-11-06,59,780.05,46022.7
800,50,576,2025-11-27,144,182.05,26215.86
801,53,702,2025-02-18,522,590.54,308260.95
802,108,455,2024-07-01,508,378.74,192401.11
803,73,32,2024-05-26,505,157.19,79381.01
804,36,231,2024-04-06,230,268.54,61765.17
805,100,469,2024-05-17,555,265.49,147349.12
806,99,508,2025-02-05,584,670.33,391470.55
807,74,117,2025-08-09,567,463.64,262883.28
808,106,376,2024-07-02,279,699.4,195132.83
809,6,779,2024-07-01,560,741.77,415390.61
810,55,105,2025-01-27,456,495.35,225878.29
811,5,461,2025-03-18,258,273.56,70577.54
812,105,90,2025-09-23,274,318.93,87387.0
813,16,795,2025-08-09,454,779.84,354046.95
814,95,603,2025-07-18,247,195.21,48217.2
815,79,648,2025-09-06,364,776.06,282484.18
816,18,212,2024-12-06,443,156.06,69132.63
817,73,360,2024-12-01,216,726.45,156913.83
818,69,173,2025-02-12,550,258.73,142300.31
819,38,297,2025-05-13,336,881.27,296106.09
820,110,527,2026-01-19,591,246.47,145663.78
821,97,422,2025-01-26,102,128.95,13152.42
822,111,672,2024-11-28,65,893.3,58064.35
823,17,256,2025-01-31,134,633.67,84912.11
824,107,254,2025-12-11,154,642.56,98954.89
825,74,648,2025-04-26,407,444.6,180951.05
826,49,463,2024-12-22,280,568.01,159042.53
827,113,788,2024-05-20,82,573.2,47002.07
828,96,285,2025-01-23,100,367.34,36734.29
829,63,336,2025-07-16,382,413.59,157990.81
830,100,751,2025-01-07,600,10.21,6123.6
831,59,651,2024-03-27,100,659.99,65999.13
832,102,548,2024-05-26,371,766.29,284295.36
833,55,217,2025-07-09,412,202.3,83349.37
834,107,291,2024-12-18,511,247.53,126490.31
835,17,580,2024-09-06,350,496.2,173670.35
836,115,699,2026-01-09,501,711.17,356294.6
837,81,471,2025-04-09,54,48.98,2644.98
838,110,162,2025-08-06,21,118.82,2495.21
839,55,208,2024-10-27,456,415.21,189337.66
840,39,163,2026-01-20,140,794.88,111282.61
841,47,257,2025-10-22,285,91.26,26008.89
842,116,665,2024-12-23,89,339.68,30231.93
843,81,313,2025-09-04,174,54.19,9429.8
844,12,721,2025-09-18,244,390.87,95373.26
845,62,80,2024-09-10,102,8.97,914.84
846,67,697,2025-06-17,140,537.56,75258.7
847,90,352,2025-12-25,460,16.28,7490.62
848,55,711,2025-05-28,128,889.43,113847.57
849,30,393,2024-10-22,140,434.11,60775.21
850,14,106,2025-08-25,96,659.84,63344.73
851,39,141,2024-05-06,325,335.87,109156.13
852,97,137,2025-02-22,396,697.93,276378.99
853,73,9,2024-08-24,151,69.02,10422.5
854,93,219,2024-08-24,173,400.57,69298.38
855,79,704,2025-10-08,160,828.55,132567.29
856,12,103,2024-10-23,458,775.09,354989.65
857,76,748,2024-06-07,148,679.18,100518.86
858,55,323,2024-03-15,398,321.57,127984.78
859,83,87,2024-05-15,148,229.03,33895.77
860,77,739,2024-12-19,259,501.63,129922.12
861,89,28,2024-03-23,296,702.84,208040.92
862,78,522,2025-02-15,313,191.26,59863.62
863,38,662,2024-10-25,198,675.08,133665.15
864,102,246,2025-01-19,60,707.15,42429.06
865,31,512,2024-07-29,511,352.21,179979.28
866,2,370,2024-12-05,77,479.23,36900.83
867,111,583,2025-06-22,329,125.73,41364.75
868,88,177,2025-09-18,435,333.95,145267.34
869,99,75,2024-04-23,487,859.37,418514.19
870,2,269,2026-01-06,22,531.93,11702.42
871,8,408,2024-07-22,225,43.53,9793.25
872,92,514,2025-01-01,523,263.55,137835.14
873,52,85,2025-04-12,430,385.83,165906.52
874,20,285,2024-06-14,554,487.59,270124.07
875,66,209,2025-05-29,90,284.44,25599.32
876,51,601,2024-07-17,164,486.46,79779.45
877,56,748,2024-11-12,72,284.67,20496.33
878,12,445,2025-05-13,249,59.65,14853.37
879,78,57,2024-09-27,123,412.41,50726.15
880,85,759,2025-09-26,321,602.14,193287.9
881,91,141,2025-06-06,184,114.54,21075.94
882,45,536,2025-07-20,16,154.14,2466.22
883,93,266,2024-08-14,534,706.42,377230.68
884,96,800,2025-06-15,175,339.71,59448.82
885,16,790,2024-11-02,280,661.78,185298.05
886,55,279,2025-02-27,35,306.83,10739.04
887,92,591,2025-05-09,541,64.97,35150.83
888,66,369,2024-09-09,83,450.56,37396.78
889,73,171,2025-03-05,61,453.65,27672.78
890,99,106,2025-09-28,381,148.32,56510.11
891,15,234,2025-04-24,592,609.32,360714.73
892,110,13,2025-12-23,526,10.29,5413.12
893,47,393,2025-09-06,255,49.02,12498.96
894,110,37,2024-10-05,158,167.63,26486.04
895,92,759,2024-12-10,571,724.38,413620.42
896,32,427,2024-09-17,434,208.27,90388.16
897,10,586,2025-09-10,332,249.96,82987.42
898,87,54,2025-08-09,386,114.51,44199.17
899,67,48,2024-10-17,188,207.08,38931.24
900,60,290,2024-08-24,415,69.48,28835.19
901,71,468,2024-10-13,323,299.95,96884.63
902,38,578,2024-08-02,13,337.08,4381.99
903,32,476,2024-06-24,316,667.7,210993.76
904,64,792,2025-10-04,382,535.79,204671.14
905,70,779,2025-08-02,205,661.36,135578.25
906,120,420,2024-06-17,256,142.31,36430.13
907,45,652,2025-03-16,29,215.83,6259.19
908,1,778,2025-03-20,14,856.28,11987.97
909,94,315,2025-09-29,390,765.31,298472.2
910,31,430,2025-06-10,111,191.03,21204.71
911,19,729,2025-08-11,508,865.38,439611.55
912,118,238,2025-12-08,291,90.98,26475.11
913,115,382,2026-01-19,537,376.45,202151.86
914,11,595,2024-08-16,474,877.3,415841.56
915,82,404,2025-06-19,102,458.84,46801.84
916,8,446,2024-06-15,81,535.97,43413.65
917,34,323,2025-09-06,138,219.2,30249.65
918,95,335,2024-11-11,407,633.05,257650.23
919,30,77,2024-11-21,330,411.86,135913.8
920,99,599,2025-03-15,212,129.41,27435.29
921,22,461,2025-09-09,116,146.63,17008.64
922,16,549,2025-03-01,482,288.12,138872.73
923,27,463,2024-05-20,371,868.45,322196.5
924,110,123,2025-09-10,320,421.31,134817.65
925,88,312,2024-11-13,97,148.59,14413.51
926,110,336,2025-04-14,46,199.8,9190.73
927,32,365,2025-07-27,156,89.36,13940.46
928,87,307,2024-12-29,410,466.01,191062.47
929,23,32,2025-01-15,271,739.52,200409.9
930,72,767,2025-03-14,419,770.3,322757.53
931,60,105,2025-08-05,568,230.87,131133.33
932,8,800,2024-07-08,148,116.34,17217.77
933,106,411,2025-03-28,232,124.6,28906.73
934,83,87,2025-01-18,386,620.17,239384.25
935,10,23,2024-10-31,270,826.35,223113.5
936,83,455,2025-07-18,71,184.39,13091.92
937,109,340,2025-11-26,136,90.04,12246.11
938,60,52,2024-04-26,130,46.09,5991.07
939,56,742,2025-04-01,177,832.33,147321.61
940,49,700,2025-09-17,409,450.54,184272.8
941,28,192,2025-12-16,441,162.14,71505.52
942,114,153,2024-03-09,286,257.63,73682.26
943,79,252,2025-01-25,40,555.78,22231.32
944,113,564,2024-08-04,307,453.01,139074.47
945,36,393,2025-04-05,495,62.39,30884.7
946,83,539,2024-06-11,145,381.96,55383.83
947,103,557,2025-12-21,260,570.63,148364.56
948,101,731,2024-03-16,24,890.55,21373.15
949,101,497,2025-03-07,372,435.88,162146.81
950,65,330,2025-12-21,357,822.11,293492.52
951,4,327,2026-01-03,402,249.23,100189.91
952,104,798,2024-07-04,229,34.14,7817.76
953,61,543,2024-03-07,292,60.26,17596.91
954,30,164,2024-05-05,371,692.02,256740.61
955,31,273,2025-03-19,107,229.09,24512.47
956,118,755,2024-11-09,551,736.13,405605.63
957,29,590,2025-09-04,62,689.53,42751.01
958,108,178,2025-09-29,402,324.49,130443.27
959,41,756,2025-07-11,185,219.0,40515.67
960,4,721,2025-06-27,372,823.27,306256.5
961,73,146,2024-08-16,365,853.22,311426.17
962,108,505,2025-03-25,581,853.94,496141.87
963,63,39,2025-07-25,560,283.68,158858.19
964,78,225,2024-04-23,97,58.1,5635.88
965,1,340,2024-06-25,25,477.59,11939.8
966,44,735,2025-02-02,211,727.35,153470.7
967,109,332,2024-02-20,186,827.55,153924.76
968,76,722,2024-05-26,65,27.55,1790.51
969,109,539,2026-01-13,150,698.73,104810.24
970,48,722,2025-11-22,378,864.82,326901.36
971,44,310,2025-11-15,410,530.73,217598.01
972,21,750,2024-10-26,335,129.71,43454.49
973,63,665,2024-11-03,452,714.32,322874.24
974,72,711,2025-03-12,329,163.39,53754.91
975,76,180,2025-01-15,370,207.13,76637.21
976,89,302,2025-06-20,392,281.69,110421.04
977,1,719,2025-07-08,135,166.52,22479.63
978,99,582,2025-04-11,591,357.31,211169.31
979,41,627,2024-07-09,38,170.42,6475.84
980,14,509,2025-03-22,231,578.56,133648.5
981,10,244,2025-02-19,149,303.4,45206.93
982,22,652,2025-05-03,360,884.28,318341.75
983,86,655,2025-05-30,95,740.92,70387.62
984,34,215,2024-09-17,348,406.39,141425.08
985,45,263,2024-11-02,260,626.31,162841.4
986,7,396,2026-01-16,115,650.61,74820.03
987,22,424,2024-10-14,453,661.47,299643.81
988,45,560,2025-03-06,509,794.54,404420.57
989,62,592,2025-11-16,389,98.47,38306.49
990,10,35,2024-12-14,235,153.09,35976.06
991,34,108,2025-08-20,306,25.91,7928.33
992,114,385,2024-02-15,80,312.89,25031.43
993,71,96,2025-10-16,169,660.93,111697.29
994,79,495,2025-06-03,351,537.88,188794.21
995,84,169,2024-04-25,36,392.74,14138.65
996,13,340,2025-02-26,449,148.14,66513.32
997,53,714,2025-04-05,215,877.16,188590.13
998,94,554,2024-11-16,572,652.06,372977.17
999,39,244,2025-12-08,276,597.25,164841.92
1000,74,563,2024-05-19,103,52.27,5384.31
1001,47,4,2024-02-23,507,145.0,73516.13
1002,106,678,2025-10-11,442,86.16,38084.71
1003,4,212,2025-11-04,496,186.11,92310.52
1004,11,485,2025-04-04,179,577.27,103330.63
1005,51,483,2025-12-02,123,283.05,34815.3
1006,34,94,2025-03-22,505,806.23,407146.51
1007,48,391,2024-03-16,562,353.67,198764.89
1008,6,270,2025-03-02,383,174.43,66807.45
1009,29,276,2025-08-17,455,422.83,192388.42
1010,97,714,2024-12-30,582,62.98,36655.71
1011,45,555,2024-07-05,104,84.45,8782.9
1012,76,233,2024-06-22,428,873.87,374016.08
1013,50,536,2025-08-06,571,62.4,35628.97
1014,88,487,2025-01-07,433,869.34,376424.18
1015,61,307,2025-06-11,591,794.44,469511.23
1016,110,732,2025-08-14,85,360.17,30614.07
1017,116,530,2026-01-05,40,455.87,18234.98
1018,80,151,2025-07-14,590,612.36,361293.06
1019,58,178,2024-12-01,128,854.74,109406.12
1020,104,198,2025-03-19,176,875.17,154030.11
1021,11,700,2025-03-20,134,46.07,6172.97
1022,106,643,2025-02-14,450,188.11,84650.4
1023,34,328,2025-02-11,156,752.02,117315.81
1024,72,407,2024-06-19,73,85.63,6250.88
1025,36,533,2024-04-07,570,298.91,170375.91
1026,2,718,2026-01-15,474,826.11,391575.39
1027,15,425,2024-06-08,540,705.26,380842.35
1028,76,597,2024-02-22,158,140.19,22150.68
1029,73,799,2024-11-11,107,833.04,89134.84
1030,112,549,2026-01-13,108,708.89,76559.59
1031,34,393,2025-01-08,357,791.08,282415.94
1032,61,39,2025-10-15,502,518.24,260158.85
1033,19,634,2024-06-08,181,253.67,45914.16
1034,114,340,2025-10-19,416,42.59,17719.11
1035,61,276,2025-04-10,248,51.97,12887.95
1036,105,311,2024-05-04,386,26.05,10054.43
1037,63,713,2024-11-29,323,258.07,83356.36
1038,30,138,2025-03-05,105,875.47,91924.04
1039,57,793,2025-09-05,312,877.0,273625.16
1040,54,620,2026-01-05,333,248.32,82691.43
1041,28,417,2024-07-02,96,175.64,16861.31
1042,112,383,2025-10-04,501,685.47,343419.48
1043,21,68,2024-02-27,62,467.62,28992.48
1044,52,139,2025-07-30,323,640.94,207022.3
1045,4,178,2025-02-06,541,792.36,428669.29
1046,26,60,2024-05-12,202,788.66,159309.53
1047,7,370,2024-02-22,260,37.5,9749.84
1048,106,476,2025-10-22,208,252.39,52496.69
1049,119,127,2025-02-22,522,362.07,189001.85
1050,63,609,2025-09-03,36,223.81,8057.12
1051,112,486,2024-05-31,461,166.4,76712.55
1052,21,265,2025-06-02,569,319.99,182071.94
1053,50,51,2026-02-01,97,262.28,25441.34
1054,100,220,2024-04-26,171,769.61,131603.07
1055,87,212,2024-11-13,231,585.46,135241.92
1056,66,21,2024-11-08,280,589.22,164980.45
1057,17,663,2025-04-10,14,430.89,6032.53
1058,2,230,2026-02-03,182,544.22,99047.79
1059,40,730,2025-03-14,263,550.64,144819.04
1060,49,358,2024-11-21,286,386.04,110406.2
1061,60,310,2024-03-03,475,232.78,110571.85
1062,51,599,2025-01-05,538,743.29,399887.47
1063,85,384,2024-08-20,109,14.55,1586.39
1064,78,290,2025-12-01,579,585.43,338963.49
1065,62,66,2025-11-07,310,618.5,191733.92
1066,82,333,2024-11-02,349,889.62,310476.68
1067,92,668,2025-06-17,288,240.94,69391.6
1068,67,784,2024-08-25,310,176.02,54565.33
1069,104,615,2025-10-22,251,810.52,203440.73
1070,88,144,2025-01-18,418,597.19,249626.69
1071,38,266,2025-11-17,31,592.62,18371.14
1072,95,37,2024-08-28,433,368.9,159734.66
1073,44,744,2024-04-19,590,735.89,434172.22
1074,82,488,2024-09-29,232,620.2,143885.42
1075,109,175,2025-06-07,372,460.52,171315.24
1076,13,483,2025-09-01,576,169.57,97674.15
1077,93,573,2025-10-21,136,668.9,90970.35
1078,116,344,2024-11-21,192,852.66,163709.89
1079,29,763,2025-04-29,96,206.25,19800.01
1080,114,340,2024-10-01,319,383.06,122196.63
1081,38,475,2025-04-12,385,240.42,92561.25
1082,111,650,2025-03-16,125,427.72,53464.83
1083,10,484,2025-05-23,599,850.32,509339.57
1084,112,698,2025-03-11,204,454.43,92702.87
1085,53,56,2025-01-09,395,480.62,189843.3
1086,26,351,2024-04-16,159,130.53,20754.24
1087,115,469,2025-05-18,424,888.57,376755.76
1088,92,185,2024-09-06,151,290.21,43822.32
1089,81,182,2024-09-12,87,442.92,38534.22
1090,1,463,2024-07-11,325,573.97,186541.25
1091,100,173,2024-02-27,285,194.77,55509.19
1092,63,782,2024-06-10,595,689.92,410502.1
1093,56,649,2025-04-07,95,123.43,11725.86
1094,62,393,2025-04-18,444,367.83,163315.18
1095,26,749,2025-04-20,9,41.65,374.86
1096,115,330,2024-10-04,387,855.46,331063.49
1097,87,5,2024-09-18,548,177.99,97540.95
1098,113,353,2024-07-14,259,209.83,54345.71
1099,50,516,2025-12-04,324,123.01,39854.03
1100,106,47,2024-02-27,318,156.98,49920.28
1101,59,746,2024-04-28,310,854.03,264749.09
1102,44,445,2025-11-30,537,539.96,289959.58
1103,116,502,2024-04-22,142,313.72,44547.91
1104,22,414,2024-12-06,372,677.1,251882.35
1105,94,135,2025-11-16,24,211.75,5081.98
1106,76,517,2025-01-02,221,662.8,146477.99
1107,92,667,2026-01-19,178,117.86,20979.17
1108,82,262,2024-05-20,43,342.67,14734.88
1109,77,50,2025-10-17,552,563.84,311237.59
1110,3,50,2025-05-11,115,590.98,67962.97
1111,49,127,2025-05-10,123,379.76,46710.95
1112,90,157,2025-07-03,565,233.44,131895.04
1113,81,10,2024-07-14,215,628.11,135043.93
1114,13,679,2025-06-22,313,383.42,120009.63
1115,78,718,2025-10-11,537,248.82,133616.13
1116,116,108,2025-02-15,145,381.59,55330.92
1117,16,290,2024-05-01,528,649.14,342745.64
1118,64,204,2026-02-03,121,708.01,85668.72
1119,107,536,2024-02-29,209,701.94,146705.32
1120,53,303,2025-06-11,211,327.27,69053.18
1121,64,213,2024-12-26,169,43.15,7292.33
1122,1,14,2024-09-02,497,302.9,150540.52
1123,107,588,2024-09-15,96,816.94,78425.95
1124,12,799,2025-07-25,510,141.04,71928.81
1125,93,104,2025-06-11,528,74.94,39569.91
1126,59,304,2024-03-18,267,582.75,155593.83
1127,13,179,2024-04-04,275,422.14,116087.24
1128,47,694,2025-03-08,45,768.21,34569.26
1129,15,98,2025-01-10,325,387.99,126096.01
1130,18,680,2024-09-07,51,16.63,848.01
1131,115,449,2024-05-25,179,301.17,53908.62
1132,12,382,2025-02-22,279,791.6,220856.45
1133,52,410,2024-12-09,355,171.12,60747.43
1134,50,707,2024-08-16,472,250.48,118224.26
1135,84,171,2026-01-22,494,721.51,356425.94
1136,93,61,2025-05-30,120,126.2,15144.04
1137,117,605,2024-04-06,168,100.51,16886.03
1138,87,449,2024-02-24,499,723.62,361086.47
1139,100,368,2024-07-31,190,553.3,105127.05
1140,113,745,2026-01-06,34,777.42,26432.2
1141,63,116,2024-12-31,138,438.91,60569.17
1142,9,268,2025-11-15,426,401.09,170865.87
1143,112,695,2025-03-30,326,19.03,6202.25
1144,74,742,2024-02-08,542,692.64,375408.5
1145,86,347,2024-07-26,583,207.79,121144.22
1146,90,634,2025-10-06,536,474.61,254389.91
1147,94,255,2025-07-12,102,394.1,40198.23
1148,87,657,2024-02-28,498,316.41,157571.45
1149,106,572,2024-06-27,399,140.6,56099.31
1150,120,161,2024-10-04,60,18.39,1103.23
1151,110,508,2025-11-11,522,765.17,399418.87
1152,63,329,2025-03-21,174,74.78,13011.68
1153,36,52,2025-10-09,251,303.16,76092.71
1154,83,388,2025-04-02,524,206.65,108286.81
1155,11,471,2025-03-07,417,736.86,307269.01
1156,58,91,2024-08-13,459,722.73,331730.81
1157,16,510,2024-03-12,515,406.78,209494.15
1158,53,37,2024-10-01,23,99.56,2289.83
1159,106,94,2025-04-25,575,497.8,286232.77
1160,72,212,2024-08-28,316,801.98,253425.34
1161,47,56,2026-01-29,472,855.72,403898.32
1162,43,574,2024-07-26,233,761.13,177343.56
1163,47,734,2024-05-07,489,647.26,316509.65
1164,98,675,2024-11-22,468,109.71,51343.74
1165,46,649,2024-11-05,232,9.96,2310.65
1166,48,719,2025-01-19,303,496.54,150451.62
1167,22,505,2024-08-22,113,48.83,5518.25
1168,96,739,2025-10-05,148,741.08,109679.85
1169,79,201,2024-10-06,424,103.41,43845.7
1170,110,403,2024-07-18,197,115.71,22793.94
1171,101,196,2025-06-15,225,415.69,93529.13
1172,54,48,2025-09-22,351,104.13,36548.59
1173,58,469,2024-10-05,131,696.75,91274.71
1174,64,5,2025-08-23,521,128.1,66737.66
1175,71,444,2024-09-16,548,664.7,364257.15
1176,100,182,2024-07-08,499,832.54,415436.87
1177,105,132,2024-09-25,597,162.9,97248.94
1178,77,621,2024-12-04,111,353.57,39245.8
1179,50,429,2024-09-13,334,457.67,152860.52
1180,44,302,2024-02-07,259,252.05,65280.31
1181,18,423,2025-06-05,468,725.88,339711.27
1182,90,561,2024-11-24,529,274.63,145279.54
1183,120,567,2025-09-01,326,642.99,209615.37
1184,80,732,2025-10-19,227,187.19,42492.82
1185,118,689,2025-11-16,302,620.46,187378.1
1186,84,183,2025-08-01,140,883.35,123669.18
1187,82,331,2025-07-08,520,491.9,255789.25
1188,72,492,2024-09-11,123,686.61,84453.19
1189,91,428,2024-05-02,589,848.86,499981.42
1190,109,433,2025-10-14,551,263.05,144939.31
1191,4,391,2025-05-31,18,474.28,8536.95
1192,8,205,2025-04-08,153,55.33,8466.1
1193,21,294,2025-01-01,278,677.17,188251.88
1194,8,708,2025-12-08,261,138.61,36178.29
1195,70,34,2024-03-18,307,189.97,58320.42
1196,14,631,2025-04-25,372,734.11,273089.44
1197,96,663,2024-06-18,580,779.44,452074.39
1198,66,713,2025-10-31,579,354.89,205479.52
1199,7,391,2024-11-19,299,626.1,187203.59
1200,101,702,2025-08-24,401,379.58,152210.41
1201,7,14,2024-08-14,325,869.52,282595.05
1202,112,800,2025-03-12,262,189.15,49558.3
1203,117,649,2024-02-04,458,748.35,342742.13
1204,70,757,2025-02-21,381,681.56,259672.86
1205,25,302,2024-03-24,206,700.32,144266.52
1206,88,77,2024-06-27,464,166.26,77146.45
1207,95,527,2025-10-26,196,866.53,169839.47
1208,55,286,2025-05-18,127,344.46,43746.52
1209,21,599,2025-08-27,574,243.7,139884.79
1210,60,727,2024-12-15,266,13.04,3467.43
1211,119,331,2024-05-26,163,43.63,7111.2
1212,81,631,2024-05-31,57,698.11,39792.02
1213,74,564,2024-08-23,313,445.57,139463.86
1214,91,326,2025-04-09,371,73.01,27086.59
1215,24,534,2025-05-27,543,204.21,110883.92
1216,21,426,2025-04-29,74,709.34,52491.33
1217,12,358,2025-02-10,561,487.04,273227.24
1218,85,340,2024-11-16,231,795.99,183873.66
1219,28,771,2025-03-07,344,329.83,113462.09
1220,72,771,2025-01-26,548,431.57,236501.79
1221,45,457,2025-02-03,14,110.33,1544.65
1222,79,637,2026-01-28,251,814.81,204517.52
1223,88,329,2024-02-27,254,863.34,219287.33
1224,15,396,2024-03-21,395,825.01,325879.63
1225,37,26,2025-07-11,267,489.89,130801.08
1226,48,527,2025-09-18,534,741.32,395865.57
1227,6,304,2025-11-04,525,405.44,212854.3
1228,11,99,2024-05-08,202,293.72,59331.23
1229,99,551,2024-11-03,176,874.69,153945.94
1230,9,216,2025-09-20,551,14.54,8010.92
1231,55,107,2025-06-06,223,779.54,173836.56
1232,90,760,2024-06-29,215,487.68,104850.5
1233,10,765,2025-06-09,450,584.73,263129.65
1234,92,340,2024-05-26,162,29.19,4728.4
1235,7,183,2025-07-29,43,86.07,3700.95
1236,74,234,2025-10-17,262,505.81,132522.51
1237,58,646,2024-02-18,269,371.61,99962.67
1238,3,399,2024-08-30,419,394.26,165194.24
1239,83,738,2024-08-27,126,485.07,61119.1
1240,75,47,2025-08-13,69,682.32,47079.86
1241,65,109,2025-07-08,79,327.07,25838.41
1242,39,622,2024-11-12,301,709.91,213682.18
1243,119,449,2025-02-10,93,259.11,24097.56
1244,85,32,2024-05-24,395,360.44,142374.21
1245,29,140,2024-06-24,490,147.44,72245.86
1246,109,559,2024-08-30,405,718.72,291081.29
1247,19,306,2026-01-24,307,864.44,265383.01
1248,2,567,2025-07-27,387,861.99,333591.43
1249,6,6,2024-03-25,573,134.11,76842.45
1250,69,561,2024-07-22,591,540.22,319267.75
1251,96,760,2025-05-20,92,279.78,25740.17
1252,116,662,2025-07-16,357,196.87,70282.36
1253,24,227,2025-08-20,529,135.07,71452.01
1254,24,688,2025-08-06,263,181.34,47692.15
1255,109,770,2025-12-20,585,768.21,449401.68
1256,71,75,2025-05-23,567,419.45,237827.33
1257,33,101,2024-06-14,302,607.14,183357.26
1258,63,339,2024-02-27,207,655.23,135631.7
1259,84,241,2026-01-02,370,122.37,45276.13
1260,9,199,2026-01-16,107,262.34,28070.63
1261,43,632,2024-10-13,330,441.39,145658.11
1262,20,580,2025-11-07,318,626.56,199247.56
1263,41,439,2025-01-29,585,333.13,194879.96
1264,32,227,2025-07-31,177,12.31,2178.88
1265,47,138,2024-02-08,451,254.8,114914.08
1266,60,457,2024-12-05,344,791.07,272129.51
1267,63,565,2025-10-21,372,699.09,260062.27
1268,78,84,2026-01-25,116,164.79,19115.29
1269,18,552,2025-08-11,292,773.97,225999.99
1270,114,642,2024-08-13,206,242.81,50017.89
1271,115,20,2025-01-04,83,656.86,54519.66
1272,105,596,2024-10-05,524,571.41,299419.28
1273,76,218,2025-01-03,597,369.38,220519.83
1274,70,553,2024-05-09,42,500.02,21000.92
1275,20,375,2026-01-09,488,591.29,288547.6
1276,99,604,2024-08-26,406,207.19,84118.95
1277,65,523,2025-10-18,302,127.42,38481.47
1278,65,11,2024-12-03,97,361.93,35107.44
1279,104,629,2024-03-18,249,764.4,190335.55
1280,18,457,2024-10-22,174,683.43,118916.44
1281,73,676,2025-08-12,168,167.8,28189.98
1282,62,368,2025-08-02,154,664.44,102323.83
1283,63,238,2024-07-31,46,203.19,9346.59
1284,30,44,2025-08-04,69,243.81,16822.65
1285,102,370,2025-01-11,216,469.95,101509.98
1286,59,48,2025-01-31,402,426.95,171633.66
1287,42,106,2025-11-12,45,882.69,39720.87
1288,36,760,2024-02-15,538,573.14,308350.26
1289,73,179,2025-05-04,274,524.14,143614.15
1290,47,602,2025-07-07,390,591.08,230520.57
1291,49,229,2025-12-30,84,468.86,39384.52
1292,105,354,2025-04-27,533,370.01,197215.99
1293,114,619,2024-06-16,503,715.05,359670.38
1294,18,451,2025-03-22,11,455.64,5012.02
1295,66,659,2024-11-19,174,213.15,37088.41
1296,24,162,2024-05-22,292,196.67,57428.59
1297,105,122,2024-03-18,375,545.0,204375.78
1298,43,738,2025-05-17,240,377.84,90680.5
1299,62,491,2025-07-05,121,437.51,52939.06
1300,83,421,2024-11-01,220,534.99,117696.81
1301,17,588,2024-10-19,27,225.35,6084.56
1302,66,41,2026-01-24,169,128.17,21661.38
1303,22,265,2024-06-17,591,139.0,82151.17
1304,52,614,2024-02-23,189,468.84,88611.42
1305,113,737,2026-01-05,582,576.76,335674.0
1306,28,460,2025-04-23,295,852.95,251620.38
1307,22,225,2025-07-05,487,781.63,380655.63
1308,102,597,2024-12-28,425,543.95,231177.96
1309,66,271,2025-04-11,191,563.9,107705.83
1310,44,465,2025-08-14,176,653.97,115099.53
1311,50,136,2024-03-08,75,212.99,15974.54
1312,67,517,2025-03-07,116,22.77,2641.77
1313,78,99,2024-03-01,434,745.25,323438.78
1314,79,615,2024-11-26,186,432.48,80440.41
1315,69,516,2026-01-05,44,790.96,34802.04
1316,85,134,2024-07-11,125,91.13,11390.68
1317,115,794,2024-03-16,557,746.15,415605.23
1318,48,45,2025-10-06,446,473.66,211253.9
1319,103,494,2024-03-07,547,390.63,213674.06
1320,103,760,2025-03-20,395,320.66,126661.45
1321,18,261,2024-05-13,594,95.16,56527.11
1322,117,86,2025-07-23,493,691.15,340735.04
1323,70,419,2025-04-21,295,541.68,159794.65
1324,91,762,2024-08-01,268,176.61,47330.61
1325,16,533,2025-11-01,12,523.56,6282.77
1326,27,705,2024-02-13,12,342.53,4110.32
1327,14,159,2024-02-08,328,372.69,122242.26
1328,33,268,2024-07-11,441,589.21,259839.73
1329,47,627,2024-11-24,553,385.82,213356.75
1330,51,774,2024-10-19,287,892.68,256200.43
1331,101,571,2026-01-06,213,376.6,80215.7
1332,72,569,2025-07-10,499,167.42,83541.52
1333,40,592,2025-09-07,500,234.37,117184.83
1334,51,754,2025-03-25,357,698.58,249393.59
1335,85,122,2025-07-26,146,770.66,112516.22
1336,90,166,2024-02-09,240,406.36,97527.03
1337,52,347,2024-09-01,107,199.3,21324.74
1338,88,724,2024-02-14,568,555.71,315643.64
1339,82,6,2024-07-01,58,151.38,8779.94
1340,61,615,2025-10-17,98,742.34,72749.7
1341,34,228,2024-09-06,450,86.62,38979.67
1342,5,742,2025-11-15,384,79.4,30487.85
1343,52,629,2025-02-27,398,838.17,333592.06
1344,77,59,2024-04-06,538,263.53,141779.44
1345,57,11,2024-12-09,184,579.14,106561.73
1346,120,531,2026-01-15,211,766.71,161775.04
1347,101,614,2025-05-21,297,181.71,53969.02
1348,30,630,2025-01-04,527,468.11,246691.74
1349,47,245,2026-01-10,178,609.23,108442.9
1350,12,283,2026-01-17,5,878.28,4391.38
1351,51,416,2025-07-04,414,322.99,133717.81
1352,95,721,2025-12-20,210,469.83,98663.56
1353,71,292,2025-10-28,75,827.91,62092.97
1354,45,356,2025-05-25,577,824.19,475556.48
1355,25,466,2025-08-18,288,209.86,60438.41
1356,34,180,2025-08-19,418,520.82,217701.42
1357,72,75,2025-08-14,421,459.56,193476.6
1358,15,526,2025-06-04,520,270.47,140645.77
1359,105,589,2024-09-15,268,789.49,211584.08
1360,49,577,2024-10-14,261,627.22,163704.2
1361,97,348,2025-10-29,500,694.81,347405.37
1362,115,601,2025-12-18,474,615.98,291975.68
1363,34,70,2025-11-29,33,437.92,14451.27
1364,29,694,2025-03-15,396,573.23,226997.62
1365,53,362,2025-11-14,240,721.74,173218.55
1366,90,270,2024-10-21,533,485.8,258932.2
1367,52,690,2025-07-14,259,264.26,68443.94
1368,120,183,2025-05-27,355,75.82,26915.29
1369,28,588,2025-03-27,492,287.97,141683.46
1370,96,700,2025-06-23,280,171.04,47892.24
1371,26,241,2024-05-21,199,453.11,90168.37
1372,27,235,2024-02-16,252,786.49,198194.55
1373,108,634,2024-08-03,212,752.77,159586.58
1374,14,123,2025-08-19,369,147.15,54297.63
1375,85,505,2025-12-14,85,610.82,51920.08
1376,70,44,2024-06-01,11,689.71,7586.76
1377,41,505,2025-07-19,498,339.11,168875.44
1378,63,188,2024-06-18,593,782.94,464284.49
1379,29,769,2025-01-25,528,258.0,136222.85
1380,68,434,2024-04-22,595,122.4,72825.26
1381,5,515,2024-10-16,494,846.17,418008.84
1382,88,795,2025-05-03,360,359.2,129310.38
1383,16,716,2025-06-20,183,415.82,76094.85
1384,89,9,2025-03-09,535,418.38,223834.89
1385,49,595,2024-06-20,17,609.3,10358.1
1386,79,266,2026-01-31,108,298.29,32215.22
1387,31,276,2026-01-07,196,497.32,97474.44
1388,44,375,2025-07-27,487,863.01,420283.88
1389,27,430,2024-11-27,193,452.9,87410.25
1390,52,287,2024-12-17,386,333.65,128788.73
1391,17,590,2024-09-14,466,168.46,78502.92
1392,93,277,2024-06-17,239,734.26,175487.68
1393,110,391,2025-10-31,246,503.36,123827.38
1394,95,154,2024-04-22,205,138.09,28308.99
1395,23,432,2024-10-11,489,726.66,355334.87
1396,115,646,2024-07-28,516,127.95,66021.55
1397,41,499,2025-12-15,534,484.31,258622.86
1398,110,582,2024-07-16,312,231.87,72343.08
1399,89,168,2025-09-01,53,363.37,19258.85
1400,33,488,2025-06-22,66,200.2,13212.99
1401,43,267,2025-12-30,103,409.27,42154.86
1402,72,264,2025-07-13,374,329.39,123193.16
1403,16,360,2025-10-27,357,25.69,9172.44
1404,84,665,2025-08-13,208,522.55,108691.14
1405,100,292,2025-01-02,556,163.69,91010.88
1406,66,500,2025-01-30,368,297.98,109656.84
1407,49,629,2025-07-26,462,801.55,370317.09
1408,19,172,2025-09-15,298,421.67,125656.72
1409,79,586,2025-03-12,350,384.26,134491.11
1410,10,82,2025-04-18,419,765.22,320626.97
1411,41,325,2024-11-29,170,314.51,53467.37
1412,78,661,2025-03-09,303,641.71,194437.12
1413,57,800,2025-09-02,409,249.95,102230.9
1414,67,462,2025-03-26,376,675.12,253846.17
1415,110,24,2024-11-08,428,157.25,67302.04
1416,85,258,2025-05-21,133,657.17,87404.01
1417,51,106,2025-12-16,86,195.83,16841.36
1418,113,485,2024-10-22,102,64.9,6620.09
1419,99,407,2024-11-27,566,56.01,31702.96
1420,11,107,2025-05-26,541,690.38,373493.83
1421,11,671,2025-12-15,273,559.35,152701.77
1422,32,756,2025-04-18,404,283.96,114719.28
1423,17,135,2026-01-31,295,403.3,118973.23
1424,4,36,2025-08-16,544,755.96,411241.08
1425,42,488,2026-01-14,370,775.45,286916.12
1426,70,279,2024-04-26,483,877.68,423921.15
1427,90,553,2025-10-02,566,404.8,229117.75
1428,59,647,2025-05-10,186,535.02,99513.94
1429,82,655,2025-09-26,582,396.0,230471.89
1430,45,494,2025-08-29,551,284.22,156604.07
1431,12,453,2025-09-12,557,210.6,117303.4
1432,34,160,2025-11-04,320,334.28,106969.19
1433,67,777,2025-06-12,315,17.42,5485.97
1434,61,548,2024-04-18,144,314.75,45323.33
1435,63,774,2026-01-27,13,621.49,8079.38
1436,99,441,2025-05-15,493,275.25,135699.52
1437,102,8,2025-08-15,304,540.53,164320.31
1438,53,575,2025-04-09,566,341.29,193170.33
1439,21,733,2026-01-25,452,360.12,162773.72
1440,29,270,2024-08-01,404,746.96,301770.53
1441,31,530,2024-05-28,86,384.64,33078.83
1442,96,545,2025-01-09,283,261.93,74126.69
1443,110,71,2025-07-07,280,376.31,105366.87
1444,15,653,2024-07-06,191,129.87,24804.91
1445,35,718,2025-02-07,471,559.01,263295.89
1446,3,156,2025-10-29,508,175.51,89158.16
1447,3,191,2025-09-04,55,872.99,48014.28
1448,17,733,2024-05-14,109,259.65,28301.43
1449,30,93,2025-01-23,453,656.58,297430.52
1450,28,351,2025-06-08,159,21.13,3360.4
1451,103,511,2025-01-14,435,285.93,124377.99
1452,102,33,2025-01-17,385,421.61,162318.52
1453,97,150,2024-06-16,343,79.56,27288.74
1454,51,74,2024-07-26,62,245.72,15234.71
1455,25,257,2026-02-03,561,427.37,239755.09
1456,16,787,2025-02-10,395,746.8,294986.33
1457,57,254,2025-06-02,259,351.24,90971.09
1458,95,790,2024-11-11,39,185.67,7241.07
1459,27,485,2025-11-03,101,472.86,47758.47
1460,40,331,2024-02-07,403,615.85,248186.16
1461,6,763,2026-01-16,167,569.21,95058.82
1462,33,493,2025-01-21,567,472.67,268001.75
1463,114,54,2024-09-15,310,185.26,57431.06
1464,31,649,2024-04-02,228,876.16,199764.59
1465,22,283,2024-02-21,449,297.47,133562.25
1466,32,10,2025-03-24,127,361.06,45854.75
1467,89,487,2024-02-14,48,526.32,25263.39
1468,12,255,2024-02-06,163,339.29,55303.88
1469,88,634,2025-10-12,166,453.93,75352.04
1470,98,641,2024-04-04,351,838.32,294249.31
1471,83,158,2025-09-22,66,61.32,4047.08
1472,17,500,2024-11-08,554,713.99,395549.29
1473,72,661,2025-09-05,243,290.53,70599.2
1474,57,751,2025-11-01,360,726.53,261550.31
1475,49,367,2024-11-03,202,27.05,5463.44
1476,6,497,2024-08-23,142,231.62,32890.19
1477,70,714,2025-01-23,453,506.65,229512.5
1478,24,557,2024-06-15,506,177.28,89703.7
1479,60,282,2024-07-20,361,296.72,107117.13
1480,68,159,2025-03-13,572,151.03,86387.06
1481,34,555,2024-10-15,465,271.74,126359.11
1482,100,654,2024-03-24,380,413.04,156954.61
1483,24,20,2025-07-30,523,346.11,181013.89
1484,31,329,2024-03-24,377,700.21,263977.96
1485,69,397,2025-11-30,69,595.19,41068.4
1486,64,785,2024-04-09,199,475.47,94618.58
1487,37,331,2026-01-01,569,145.49,82781.14
1488,15,99,2025-03-14,424,579.69,245786.99
1489,6,133,2025-08-18,540,595.73,321694.63
1490,26,110,2024-03-18,187,787.16,147198.09
1491,5,585,2025-05-16,502,178.92,89818.87
1492,68,639,2025-01-11,402,594.87,239136.04
1493,29,621,2025-01-21,267,51.78,13826.43
1494,118,214,2025-07-03,77,19.67,1514.81
1495,107,82,2024-04-12,508,836.14,424757.15
1496,8,370,2025-06-30,484,722.51,349694.74
1497,114,426,2025-05-14,576,671.18,386600.76
1498,8,632,2025-06-30,382,716.47,273691.78
1499,94,73,2025-01-07,277,479.89,132928.58
1500,28,532,2024-07-11,316,77.52,24495.8
1501,30,545,2024-03-07,104,98.29,10222.45
1502,68,673,2024-06-27,399,177.0,70622.48
1503,23,572,2024-12-20,259,516.46,133764.35
1504,14,785,2024-07-12,576,378.34,217926.53
1505,59,720,2024-03-29,595,327.3,194745.48
1506,22,185,2025-10-03,442,795.48,351601.73
1507,44,674,2024-10-19,568,366.19,207995.35
1508,77,454,2025-10-12,166,484.24,80383.71
1509,71,333,2026-01-18,365,813.02,296751.06
1510,82,441,2025-05-31,385,375.81,144686.93
1511,73,559,2025-10-13,336,550.7,185036.79
1512,71,763,2025-07-22,224,342.56,76732.6
1513,58,459,2025-05-29,265,329.13,87218.82
1514,5,292,2024-04-21,411,8.17,3359.72
1515,114,310,2025-04-16,21,469.71,9863.86
1516,29,220,2024-06-02,11,275.9,3034.88
1517,106,707,2024-03-15,327,27.36,8945.94
1518,66,570,2025-07-06,287,827.85,237592.37
1519,20,97,2025-03-14,589,833.92,491180.54
1520,20,142,2025-01-27,43,418.65,18001.94
1521,75,256,2026-01-04,276,335.44,92580.87
1522,39,95,2025-01-23,243,236.57,57486.39
1523,118,223,2024-10-31,589,364.62,214761.2
1524,102,495,2025-07-08,84,653.43,54888.44
1525,116,707,2025-09-15,182,443.54,80724.74
1526,13,610,2024-07-08,595,739.01,439709.53
1527,104,591,2024-06-06,312,41.34,12896.66
1528,8,790,2024-07-28,395,78.0,30810.73
1529,105,445,2025-01-17,347,318.35,110468.75
1530,16,789,2024-02-25,431,837.78,361082.97
1531,109,617,2024-12-10,237,674.93,159958.26
1532,81,392,2025-10-18,16,573.43,9174.84
1533,6,327,2024-12-23,60,279.87,16792.01
1534,42,515,2025-10-18,557,511.9,285129.58
1535,87,750,2024-02-22,231,144.65,33414.65
1536,97,610,2025-09-27,407,874.17,355786.33
1537,29,443,2024-11-15,594,458.22,272181.83
1538,19,136,2025-11-05,301,709.44,213541.6
1539,74,764,2024-03-09,349,81.63,28488.95
1540,34,88,2024-10-28,55,496.95,27332.36
1541,100,715,2026-01-12,413,455.63,188173.63
1542,62,573,2025-01-09,138,687.73,94907.2
1543,84,586,2025-01-16,207,443.17,91736.62
1544,95,537,2025-06-03,205,508.56,104255.11
1545,35,796,2025-12-23,257,224.15,57605.28
1546,119,590,2025-07-31,445,296.48,131935.02
1547,53,434,2025-10-19,96,108.38,10404.16
1548,42,353,2025-04-20,379,318.69,120783.74
1549,22,359,2025-05-01,29,694.56,20142.12
1550,57,46,2024-10-15,457,563.88,257692.47
1551,48,160,2024-11-06,244,186.12,45413.09
1552,7,249,2025-02-05,92,108.24,9957.67
1553,105,295,2024-08-26,156,782.93,122136.63
1554,103,114,2024-10-24,19,314.2,5969.76
1555,3,340,2025-03-10,317,409.45,129797.21
1556,28,209,2025-10-19,219,668.09,146312.06
1557,34,562,2025-12-01,564,474.75,267760.79
1558,19,712,2024-11-11,499,563.75,281312.98
1559,116,680,2025-11-16,23,343.93,7910.46
1560,22,62,2024-06-30,544,46.79,25451.56
1561,90,633,2025-04-01,295,187.02,55171.16
1562,84,9,2025-09-03,282,55.35,15609.28
1563,35,679,2025-02-01,73,354.67,25891.02
1564,3,300,2024-12-07,373,778.94,290544.54
1565,49,521,2025-12-17,400,214.2,85680.96
1566,63,612,2025-08-08,106,814.25,86310.91
1567,26,513,2025-08-27,549,86.51,47496.43
1568,92,23,2025-08-19,473,508.13,240347.04
1569,68,313,2024-07-23,45,228.67,10290.32
1570,96,161,2024-07-06,346,445.02,153976.95
1571,46,364,2024-08-26,23,317.33,7298.54
1572,65,283,2025-01-23,314,218.69,68670.12
1573,113,397,2025-06-15,68,566.21,38502.06
1574,36,231,2024-05-26,35,850.17,29755.95
1575,51,673,2024-03-12,160,312.87,50059.72
1576,49,534,2025-10-14,145,86.31,12515.41
1577,74,157,2025-02-13,237,380.26,90121.94
1578,117,620,2024-05-18,441,873.72,385310.15
1579,17,212,2024-05-19,342,408.66,139761.35
1580,88,208,2024-09-20,146,526.28,76836.79
1581,91,537,2025-07-09,146,283.63,41409.48
1582,117,789,2025-02-08,143,391.62,56001.28
1583,73,162,2024-07-28,153,593.36,90783.88
1584,69,737,2024-11-16,330,68.49,22601.74
1585,108,150,2024-09-18,126,172.25,21703.33
1586,113,424,2025-02-22,35,690.77,24176.88
1587,96,653,2025-06-07,426,278.59,118677.85
1588,25,110,2024-10-25,285,143.55,40910.52
1589,98,627,2025-06-02,139,172.79,24018.35
1590,79,237,2025-04-15,278,548.2,152399.38
1591,4,368,2024-10-23,242,213.97,51781.67
1592,62,138,2024-08-10,86,621.82,53476.69
1593,61,730,2024-08-18,519,762.76,395870.0
1594,50,504,2025-04-13,387,172.11,66605.42
1595,25,232,2024-06-27,490,130.66,64024.06
1596,2,277,2026-01-22,38,372.46,14153.54
1597,86,208,2024-04-01,427,206.52,88183.34
1598,119,450,2024-09-17,214,66.99,14336.63
1599,111,469,2025-09-30,506,621.57,314516.21
1600,100,43,2025-10-29,257,389.38,100070.58
1601,51,627,2024-08-19,394,650.42,256265.17
1602,68,657,2024-03-08,590,537.67,317228.12
1603,58,468,2024-08-25,44,472.42,20786.44
1604,32,532,2024-08-18,48,790.98,37967.03
1605,95,41,2024-04-20,555,360.89,200291.28
1606,98,646,2025-02-26,576,353.56,203649.92
1607,57,408,2024-07-13,55,177.35,9754.06
1608,37,473,2025-03-13,316,698.12,220605.89
1609,79,56,2025-11-19,175,384.84,67346.35
1610,60,662,2024-05-03,534,814.08,434718.01
1611,65,116,2025-03-24,467,88.67,41410.38
1612,115,713,2025-05-12,189,702.63,132796.73
1613,53,332,2024-11-27,564,128.69,72583.16
1614,59,605,2024-10-05,466,30.22,14083.27
1615,12,257,2025-12-15,211,795.23,167794.21
1616,117,729,2024-11-18,336,625.01,210004.01
1617,16,94,2025-12-18,172,648.79,111591.92
1618,82,372,2024-07-13,121,637.95,77192.46
1619,50,745,2024-12-03,92,475.25,43722.54
1620,21,388,2024-07-04,528,553.97,292495.47
1621,99,175,2025-12-07,568,347.5,197380.82
1622,85,154,2025-03-17,348,512.42,178321.63
1623,23,788,2024-04-07,171,782.99,133890.63
1624,40,748,2024-06-04,57,382.27,21789.21
1625,24,121,2025-07-07,461,265.59,122438.02
1626,1,638,2024-12-21,139,864.71,120194.28
1627,64,511,2025-04-28,264,18.89,4986.78
1628,78,506,2025-06-28,561,728.25,408547.95
1629,85,488,2024-12-17,248,201.45,49959.96
1630,11,616,2025-12-24,469,373.86,175338.0
1631,71,285,2024-04-22,11,226.28,2489.13
1632,27,51,2025-10-07,575,739.55,425240.26
1633,84,358,2024-10-19,194,140.24,27207.43
1634,5,684,2024-04-24,42,137.67,5782.31
1635,39,340,2024-06-14,596,755.51,450283.29
1636,54,183,2024-06-29,94,51.74,4863.18
1637,79,677,2025-02-05,170,607.5,103275.8
1638,23,467,2025-07-08,591,710.28,419774.51
1639,5,96,2025-08-08,597,329.29,196585.1
1640,115,389,2025-03-22,311,295.96,92042.66
1641,108,564,2024-10-10,74,684.53,50655.24
1642,18,125,2024-05-22,71,269.21,19113.68
1643,53,538,2024-03-13,286,301.65,86273.05
1644,79,60,2024-11-18,219,628.68,137680.9
1645,81,542,2024-04-01,116,517.66,60048.49
1646,89,620,2024-04-28,94,439.43,41306.17
1647,109,325,2024-06-16,299,388.93,116290.61
1648,80,363,2024-04-29,270,476.65,128695.22
1649,64,533,2024-02-08,137,555.95,76164.69
1650,24,625,2024-12-09,514,447.31,229919.38
1651,25,2,2025-03-07,243,640.06,155534.5
1652,81,121,2024-08-10,126,29.4,3703.92
1653,54,424,2024-03-29,217,721.21,156502.87
1654,72,653,2024-11-02,51,305.74,15592.88
1655,26,707,2025-03-27,222,18.08,4013.13
1656,9,316,2024-02-06,293,234.94,68837.55
1657,42,786,2025-06-09,312,459.97,143509.75
1658,43,350,2024-12-10,11,109.54,1204.97
1659,79,30,2025-02-14,410,654.16,268206.34
1660,107,347,2025-12-18,184,181.06,33315.39
1661,103,37,2025-06-04,495,825.22,408482.63
1662,81,472,2024-10-26,144,437.49,62999.14
1663,60,424,2024-03-21,554,807.17,447171.25
1664,39,579,2024-02-13,62,752.91,46680.69
1665,3,214,2024-08-26,328,503.22,165055.53
1666,103,363,2024-11-30,596,619.46,369198.17
1667,36,32,2024-02-17,72,872.9,62848.44
1668,81,548,2025-10-12,352,885.39,311656.56
1669,50,192,2024-08-16,174,517.32,90012.92
1670,97,316,2024-03-30,124,779.22,96622.98
1671,35,424,2024-09-16,327,641.18,209664.97
1672,31,381,2025-08-08,93,451.37,41977.65
1673,39,222,2024-04-07,467,747.88,349258.12
1674,15,384,2025-11-02,542,277.67,150496.01
1675,117,95,2025-08-15,43,701.79,30176.93
1676,103,495,2024-08-21,459,459.35,210840.4
1677,44,496,2024-02-23,517,145.44,75191.12
1678,42,147,2024-10-04,541,284.84,154098.42
1679,67,693,2024-04-27,105,741.35,77841.49
1680,5,471,2025-11-14,140,191.03,26743.77
1681,67,119,2025-08-23,401,644.6,258484.69
1682,6,704,2025-10-11,9,285.4,2568.56
1683,114,48,2024-06-06,94,305.29,28697.68
1684,85,764,2025-03-25,110,472.36,51959.09
1685,98,320,2024-03-04,324,28.05,9088.98
1686,25,294,2024-10-27,219,294.23,64435.34
1687,99,452,2024-05-09,288,482.79,139043.53
1688,21,281,2025-06-24,125,251.21,31400.94
1689,80,574,2024-08-07,122,21.61,2636.3
1690,70,359,2025-12-26,531,99.32,52738.26
1691,19,722,2025-12-17,567,292.09,165614.2
1692,22,73,2024-12-19,295,520.08,153424.19
1693,44,554,2024-09-30,323,555.03,179274.85
1694,4,483,2024-03-17,459,53.25,24440.72
1695,7,89,2025-02-13,56,102.49,5739.26
1696,91,611,2025-11-29,441,357.59,157697.08
1697,40,341,2024-02-19,461,557.75,257124.26
1698,86,547,2025-03-23,207,643.91,133288.46
1699,97,783,2024-05-25,85,876.52,74504.56
1700,12,716,2025-10-21,481,514.47,247459.14
1701,40,701,2025-04-22,484,94.76,45863.16
1702,29,148,2025-07-28,481,427.73,205736.65
1703,51,188,2025-12-28,269,822.27,221191.32
1704,113,333,2024-04-02,343,711.59,244075.58
1705,9,487,2025-11-03,469,442.86,207699.47
1706,60,175,2025-06-07,120,321.49,38578.23
1707,78,589,2025-09-25,294,693.0,203743.13
1708,52,732,2025-04-29,135,461.09,62247.3
1709,84,73,2024-07-03,114,298.68,34049.04
1710,52,605,2024-04-14,314,483.21,151727.64
1711,32,562,2026-01-09,428,220.81,94506.32
1712,50,68,2024-03-10,167,876.71,146410.81
1713,89,606,2024-02-05,353,193.75,68393.19
1714,56,581,2024-12-21,446,707.61,315593.2
1715,31,178,2025-11-16,355,493.72,175269.88
1716,92,588,2025-07-17,84,667.52,56071.29
1717,77,475,2024-02-05,503,109.98,55317.92
1718,106,456,2025-07-19,338,503.14,170060.72
1719,52,72,2025-02-07,185,282.77,52312.06
1720,77,790,2025-10-01,116,619.47,71858.95
1721,83,677,2024-12-19,393,300.05,117918.92
1722,105,143,2024-11-02,67,88.76,5946.61
1723,82,1,2024-08-10,599,813.7,487408.91
1724,58,545,2024-04-01,155,597.51,92613.46
1725,74,458,2025-04-05,303,355.86,107826.95
1726,113,325,2025-06-05,205,191.45,39247.3
1727,117,696,2025-07-16,311,516.69,160689.52
1728,120,446,2025-04-25,316,827.3,261427.89
1729,75,9,2025-10-19,357,891.34,318207.67
1730,17,302,2025-03-12,527,368.54,194222.74
1731,71,55,2025-05-13,68,337.35,22939.58
1732,106,368,2026-01-29,5,635.39,3176.96
1733,111,32,2025-04-26,117,776.23,90819.27
1734,76,404,2024-02-28,245,393.09,96307.11
1735,52,391,2025-12-16,330,642.9,212157.69
1736,85,178,2024-11-23,450,494.25,222410.68
1737,72,394,2025-06-11,491,132.05,64836.27
1738,20,296,2026-01-07,373,757.25,282453.03
1739,10,664,2024-07-27,133,127.78,16994.14
1740,114,499,2025-10-15,21,136.44,2865.33
1741,18,87,2025-11-24,452,877.68,396710.33
1742,54,467,2025-07-08,145,580.88,84227.7
1743,59,522,2024-06-23,440,563.94,248132.56
1744,58,394,2025-04-03,439,500.43,219688.17
1745,55,620,2025-03-20,368,209.36,77044.81
1746,109,749,2025-08-08,12,523.52,6282.25
1747,35,421,2024-05-25,247,643.22,158875.33
1748,5,39,2024-09-23,564,522.11,294467.95
1749,48,116,2025-04-28,586,439.08,257298.05
1750,89,82,2026-01-06,599,437.53,262078.89
1751,68,769,2024-12-21,150,659.33,98898.82
1752,11,536,2024-05-29,291,422.72,123012.45
1753,81,760,2024-05-10,95,226.75,21540.9
1754,70,594,2025-04-03,84,618.19,51928.3
1755,116,352,2025-03-20,324,554.83,179765.21
1756,61,465,2024-02-07,552,702.45,387750.3
1757,74,752,2024-11-16,529,816.2,431770.4
1758,103,302,2024-06-05,344,383.55,131939.95
1759,89,612,2025-08-13,301,157.42,47382.6
1760,73,267,2024-12-18,316,656.46,207440.97
1761,75,174,2024-11-12,67,569.34,38145.49
1762,38,756,2024-06-01,591,54.04,31940.56
1763,11,130,2024-03-12,32,263.84,8442.87
1764,101,285,2024-06-23,522,76.56,39964.91
1765,36,282,2025-08-31,263,126.22,33197.06
1766,15,619,2024-03-24,268,20.67,5539.31
1767,95,155,2024-03-15,183,819.84,150030.22
1768,23,268,2024-12-04,462,337.83,156078.39
1769,103,541,2024-07-14,246,440.55,108374.64
1770,11,149,2025-03-31,38,313.82,11925.18
1771,97,423,2024-04-29,162,755.15,122334.61
1772,57,744,2024-06-14,397,220.25,87438.9
1773,94,354,2025-03-29,176,196.08,34510.82
1774,97,119,2025-01-31,60,580.9,34853.81
1775,52,488,2025-09-20,58,157.5,9134.97
1776,97,546,2024-08-25,313,432.83,135475.63
1777,91,400,2024-03-04,244,346.78,84614.88
1778,68,446,2025-12-08,490,242.26,118708.2
1779,103,460,2025-02-21,17,265.6,4515.25
1780,68,700,2025-12-08,396,613.22,242833.58
1781,69,653,2024-12-12,47,94.85,4457.9
1782,56,626,2024-07-05,367,860.92,315956.11
1783,35,101,2025-10-22,284,306.79,87128.62
1784,51,473,2025-05-15,266,591.67,157385.34
1785,76,789,2024-12-30,252,663.01,167077.92
1786,87,707,2025-08-06,204,471.8,96246.68
1787,2,689,2025-10-19,189,287.44,54325.53
1788,2,422,2024-10-13,13,749.87,9748.27
1789,88,457,2025-09-26,105,476.54,50036.25
1790,37,258,2025-08-05,364,203.72,74153.85
1791,80,95,2025-11-28,202,38.37,7749.78
1792,85,223,2024-07-07,63,845.15,53244.25
1793,16,89,2025-03-01,129,639.6,82508.79
1794,98,664,2025-07-13,138,343.35,47382.98
1795,24,114,2024-05-12,584,724.45,423081.4
1796,60,677,2025-01-10,193,233.98,45157.27
1797,119,284,2024-03-24,82,577.79,47378.96
1798,86,789,2025-09-06,442,625.46,276454.01
1799,100,76,2024-05-30,336,237.54,79814.87
1800,49,398,2024-10-03,288,701.18,201939.41
