id_estoque,id_produto,centro_distribuicao,estoque_atual,estoque_reservado,estoque_minimo,data_posicao
1,1,CD-SP,94,35,20,2026-01-13
2,2,cd_sp,208,13,48,2026-01-23
3,3,CD-SP,538,75,32,2026-01-23
4,4,CD-SP,12,11,18,2026-01-05
5,5,CD-SP,218,71,17,2026-01-26
6,6,CD-MG,538,28,33,2026-01-24
7,7,CD-RJ,583,0,15,2026-01-15
8,8,CD-RJ,412,35,14,2026-01-29
9,9,CD-RJ,200,13,10,2026-01-31
10,10,CD-SP,369,45,27,2026-01-16
11,11,CD-RJ,598,5,34,2026-01-26
12,12,CD-SP,529,48,10,2026-01-29
13,13,CD-RJ,545,80,44,2026-01-31
14,14,cd_sp,350,8,7,2026-01-06
15,15,CD-RJ,213,10,19,2026-02-03
16,16,CD-MG,83,35,34,2026-01-27
17,17,cd_sp,353,47,27,2026-01-12
18,18,CD-RJ,194,9,43,2026-01-14
19,19,cd_sp,155,20,34,2026-01-15
20,20,CD-RJ,368,71,19,2026-01-25
21,21,CD-SP,312,29,7,2026-01-22
22,22,CD-MG,303,34,9,2026-01-10
23,23,CD-RJ,196,27,46,2026-01-30
24,24,CD-MG,491,58,14,2026-01-29
25,25,cd_sp,251,31,40,2026-01-15
26,26,CD-RJ,531,74,32,2026-01-15
27,27,CD-MG,577,46,19,2026-01-09
28,28,CD-MG,121,11,8,2026-01-30
29,29,cd_sp,92,80,15,2026-01-08
30,30,CD-SP,412,49,29,2026-01-24
31,31,CD-MG,590,67,21,2026-01-05
32,32,CD-SP,546,14,48,2026-01-21
33,33,CD-RJ,529,43,12,2026-02-03
34,34,CD-MG,280,20,34,2026-01-11
35,35,CD-RJ,-17,64,16,2026-01-09
36,36,CD-SP,499,80,24,2026-01-06
37,37,cd_sp,499,19,28,2026-01-11
38,38,CD-SP,145,76,25,2026-01-05
39,39,CD-SP,480,14,28,2026-01-06
40,40,cd_sp,294,7,20,2026-01-15
41,41,CD-SP,560,10,36,2026-01-08
42,42,cd_sp,50,16,47,2026-01-27
43,43,cd_sp,466,33,38,2026-01-07
44,44,cd_sp,413,69,49,2026-01-08
45,45,CD-RJ,185,51,47,2026-02-03
46,46,CD-MG,362,66,33,2026-01-25
47,47,cd_sp,103,28,9,2026-01-10
48,48,CD-SP,326,75,40,2026-01-05
49,49,cd_sp,215,0,9,2026-01-16
50,50,cd_sp,40,8,7,2026-01-21
51,51,CD-SP,318,65,20,2026-01-25
52,52,CD-MG,265,27,39,2026-01-12
53,53,CD-MG,115,31,35,2026-01-05
54,54,cd_sp,396,12,11,2026-02-02
55,55,CD-RJ,421,54,31,2026-02-02
56,56,CD-SP,458,12,8,2026-01-17
57,57,CD-RJ,392,13,20,2026-01-17
58,58,cd_sp,176,68,33,2026-01-29
59,59,CD-MG,123,23,22,2026-01-20
60,60,cd_sp,453,9,33,2026-01-07
61,61,CD-SP,543,6,46,2026-01-17
62,62,CD-SP,533,11,20,2026-01-14
63,63,CD-MG,150,62,35,2026-01-23
64,64,CD-MG,198,7,15,2026-01-09
65,65,CD-SP,368,49,21,2026-01-08
66,66,CD-RJ,445,54,49,2026-02-02
67,67,CD-MG,549,19,17,2026-01-16
68,68,cd_sp,283,7,42,2026-01-18
69,69,CD-SP,535,40,8,2026-01-18
70,70,CD-MG,31,64,38,2026-01-14
71,71,CD-SP,141,65,10,2026-02-03
72,72,CD-SP,170,76,9,2026-01-14
73,73,CD-MG,220,15,41,2026-01-28
74,74,CD-SP,232,79,10,2026-01-07
75,75,CD-RJ,409,33,18,2026-01-24
76,76,cd_sp,301,33,30,2026-01-23
77,77,CD-RJ,114,58,25,2026-01-15
78,78,CD-SP,54,58,44,2026-01-14
79,79,CD-SP,556,9,39,2026-01-18
80,80,CD-RJ,198,16,27,2026-01-26
81,81,cd_sp,50,47,23,2026-01-11
82,82,CD-MG,141,69,50,2026-01-11
83,83,CD-SP,289,70,24,2026-01-08
84,84,cd_sp,86,33,12,2026-02-02
85,85,cd_sp,89,34,23,2026-01-07
86,86,cd_sp,599,43,18,2026-01-30
87,87,CD-MG,250,32,8,2026-01-17
88,88,CD-MG,74,35,7,2026-01-13
89,89,CD-RJ,-17,16,45,2026-01-25
90,90,cd_sp,248,56,40,2026-01-13
91,91,CD-SP,417,14,9,2026-01-09
92,92,CD-SP,132,47,42,2026-01-23
93,93,cd_sp,545,55,13,2026-01-27
94,94,CD-RJ,22,46,7,2026-02-03
95,95,cd_sp,346,31,47,2026-01-17
96,96,CD-RJ,85,71,31,2026-01-06
97,97,cd_sp,138,20,16,2026-01-26
98,98,CD-SP,402,22,26,2026-01-21
99,99,cd_sp,401,34,15,2026-01-30
100,100,CD-MG,90,4,35,2026-01-08
101,101,cd_sp,207,58,27,2026-01-23
102,102,cd_sp,292,28,6,2026-01-27
103,103,CD-MG,177,42,22,2026-01-22
104,104,CD-RJ,51,44,46,2026-01-16
105,105,CD-MG,501,68,26,2026-01-05
106,106,CD-SP,8,33,16,2026-01-30
107,107,CD-RJ,574,4,11,2026-01-23
108,108,CD-MG,590,44,25,2026-01-09
109,109,CD-SP,426,49,41,2026-01-26
110,110,CD-RJ,174,5,50,2026-01-27
111,111,CD-SP,426,66,39,2026-01-31
112,112,CD-RJ,181,55,9,2026-01-09
113,113,CD-RJ,318,15,24,2026-01-05
114,114,CD-RJ,499,52,25,2026-01-16
115,115,CD-RJ,392,70,13,2026-01-17
116,116,CD-MG,176,48,48,2026-01-08
117,117,CD-RJ,158,51,40,2026-01-20
118,118,CD-RJ,-20,36,18,2026-01-05
119,119,CD-RJ,420,59,33,2026-01-21
120,120,cd_sp,432,65,35,2026-01-05
121,121,CD-SP,153,36,37,2026-01-18
122,122,CD-SP,323,30,48,2026-01-22
123,123,cd_sp,297,25,14,2026-01-14
124,124,CD-SP,5,31,35,2026-01-15
125,125,CD-MG,54,53,45,2026-01-23
126,126,cd_sp,569,49,36,2026-01-05
127,127,cd_sp,389,18,46,2026-01-11
128,128,CD-SP,-15,54,19,2026-02-01
129,129,CD-MG,160,6,40,2026-01-13
130,130,CD-SP,235,58,13,2026-01-27
131,131,CD-RJ,455,56,44,2026-01-09
132,132,CD-MG,496,70,33,2026-01-05
133,133,CD-MG,142,57,21,2026-01-05
134,134,CD-RJ,233,66,36,2026-01-14
135,135,CD-RJ,224,56,9,2026-01-27
136,136,cd_sp,272,34,26,2026-01-13
137,137,CD-SP,307,17,14,2026-01-22
138,138,CD-MG,216,19,50,2026-01-25
139,139,CD-SP,199,53,31,2026-01-19
140,140,CD-MG,318,53,8,2026-01-20
141,141,CD-MG,191,49,42,2026-02-01
142,142,CD-MG,0,61,5,2026-01-05
143,143,CD-RJ,340,49,31,2026-01-07
144,144,cd_sp,531,62,19,2026-01-29
145,145,CD-MG,259,62,6,2026-01-12
146,146,CD-RJ,378,51,15,2026-01-06
147,147,cd_sp,458,79,39,2026-01-28
148,148,CD-MG,7,75,41,2026-01-24
149,149,CD-SP,7,54,13,2026-01-18
150,150,cd_sp,452,6,21,2026-01-20
151,151,CD-RJ,368,27,34,2026-02-02
152,152,CD-RJ,314,48,22,2026-01-31
153,153,CD-RJ,411,10,35,2026-01-10
154,154,CD-SP,-1,44,19,2026-01-09
155,155,CD-SP,50,3,20,2026-01-12
156,156,CD-SP,184,79,14,2026-01-29
157,157,cd_sp,224,60,47,2026-01-18
158,158,cd_sp,97,59,49,2026-01-15
159,159,CD-RJ,242,21,43,2026-01-12
160,160,cd_sp,97,39,11,2026-01-15
161,161,CD-SP,572,39,41,2026-01-27
162,162,CD-MG,364,25,9,2026-01-07
163,163,cd_sp,586,13,49,2026-01-19
164,164,CD-SP,288,72,7,2026-01-28
165,165,CD-MG,335,47,9,2026-01-05
166,166,CD-RJ,498,1,31,2026-01-19
167,167,CD-SP,481,55,28,2026-01-20
168,168,cd_sp,450,55,16,2026-01-19
169,169,CD-RJ,514,78,39,2026-01-12
170,170,CD-MG,475,55,42,2026-01-22
171,171,CD-RJ,254,31,10,2026-01-09
172,172,CD-MG,265,31,34,2026-01-07
173,173,CD-MG,563,43,6,2026-02-02
174,174,CD-RJ,486,23,36,2026-01-18
175,175,CD-RJ,197,33,26,2026-01-19
176,176,CD-RJ,266,71,5,2026-01-20
177,177,cd_sp,509,10,20,2026-01-29
178,178,CD-MG,396,71,20,2026-01-21
179,179,CD-MG,467,57,6,2026-01-21
180,180,CD-RJ,75,28,30,2026-01-25
181,181,CD-RJ,229,74,28,2026-01-16
182,182,CD-RJ,464,54,40,2026-01-25
183,183,CD-RJ,318,58,22,2026-01-11
184,184,CD-RJ,293,29,12,2026-01-16
185,185,CD-RJ,177,15,39,2026-01-23
186,186,cd_sp,169,27,35,2026-01-30
187,187,CD-RJ,263,12,17,2026-01-05
188,188,cd_sp,283,46,16,2026-01-27
189,189,CD-SP,289,68,13,2026-01-29
190,190,CD-SP,260,6,40,2026-01-17
191,191,cd_sp,279,62,11,2026-01-27
192,192,CD-RJ,-8,60,35,2026-02-03
193,193,CD-RJ,431,23,8,2026-01-28
194,194,CD-MG,238,14,9,2026-01-26
195,195,CD-MG,390,9,41,2026-01-16
196,196,cd_sp,34,19,41,2026-01-15
197,197,CD-SP,291,31,12,2026-01-24
198,198,CD-MG,551,77,43,2026-01-17
199,199,CD-MG,211,57,33,2026-01-25
200,200,CD-MG,284,39,41,2026-01-15
201,201,CD-SP,41,26,45,2026-01-28
202,202,CD-RJ,196,10,15,2026-02-02
203,203,cd_sp,225,70,9,2026-01-14
204,204,CD-SP,140,52,33,2026-01-20
205,205,CD-MG,588,37,7,2026-01-18
206,206,CD-RJ,217,36,49,2026-01-06
207,207,CD-SP,444,29,21,2026-01-12
208,208,cd_sp,583,54,12,2026-01-29
209,209,cd_sp,537,19,22,2026-02-03
210,210,CD-SP,125,7,15,2026-02-01
211,211,CD-RJ,294,56,12,2026-01-07
212,212,CD-RJ,459,51,22,2026-01-23
213,213,CD-MG,492,56,10,2026-01-24
214,214,CD-SP,592,55,25,2026-01-14
215,215,CD-RJ,598,3,10,2026-01-05
216,216,CD-SP,214,34,41,2026-02-03
217,217,cd_sp,21,60,38,2026-02-03
218,218,CD-RJ,432,23,42,2026-01-17
219,219,CD-MG,426,11,35,2026-01-08
220,220,CD-MG,336,42,25,2026-01-22
221,221,cd_sp,87,42,31,2026-01-29
222,222,CD-RJ,487,51,40,2026-01-15
223,223,CD-MG,17,11,25,2026-01-10
224,224,CD-RJ,238,14,30,2026-01-15
225,225,CD-SP,506,69,34,2026-01-05
226,226,CD-SP,403,24,38,2026-01-18
227,227,CD-MG,350,80,33,2026-01-06
228,228,cd_sp,32,34,40,2026-01-22
229,229,CD-RJ,114,56,49,2026-01-21
230,230,CD-SP,476,3,45,2026-01-18
231,231,cd_sp,225,39,40,2026-01-24
232,232,CD-MG,-6,11,19,2026-01-13
233,233,CD-MG,96,15,46,2026-01-12
234,234,CD-MG,137,37,37,2026-01-30
235,235,CD-MG,259,61,35,2026-01-05
236,236,CD-MG,229,70,14,2026-01-23
237,237,cd_sp,372,76,37,2026-01-29
238,238,CD-SP,119,35,31,2026-01-29
239,239,CD-RJ,328,0,23,2026-01-11
240,240,CD-MG,285,19,33,2026-01-18
241,241,CD-MG,531,44,26,2026-01-06
242,242,CD-MG,545,58,25,2026-01-31
243,243,cd_sp,173,73,29,2026-01-07
244,244,CD-MG,219,5,25,2026-01-14
245,245,CD-MG,464,49,47,2026-01-06
246,246,CD-MG,135,4,13,2026-01-14
247,247,CD-RJ,494,12,33,2026-01-22
248,248,CD-MG,82,1,14,2026-01-10
249,249,cd_sp,399,9,35,2026-01-06
250,250,CD-RJ,251,79,49,2026-01-16
251,251,CD-SP,387,42,48,2026-01-25
252,252,CD-MG,526,40,45,2026-01-29
253,253,CD-SP,479,79,9,2026-01-15
254,254,CD-RJ,220,29,10,2026-01-05
255,255,CD-SP,424,12,33,2026-01-05
256,256,CD-RJ,150,3,7,2026-01-31
257,257,CD-SP,312,37,27,2026-01-05
258,258,CD-MG,363,18,20,2026-01-27
259,259,CD-MG,523,72,48,2026-01-14
260,260,cd_sp,164,22,10,2026-01-07
261,261,cd_sp,371,63,42,2026-01-13
262,262,cd_sp,126,59,45,2026-01-05
263,263,CD-MG,240,32,47,2026-01-27
264,264,CD-MG,-11,36,48,2026-01-23
265,265,cd_sp,539,9,33,2026-01-19
266,266,CD-RJ,333,54,49,2026-01-07
267,267,CD-MG,236,38,17,2026-01-17
268,268,CD-MG,373,13,20,2026-01-10
269,269,CD-RJ,370,73,23,2026-01-25
270,270,CD-SP,282,50,22,2026-01-09
271,271,CD-SP,-12,77,36,2026-02-01
272,272,cd_sp,273,77,27,2026-01-15
273,273,cd_sp,204,79,21,2026-01-06
274,274,CD-SP,120,80,46,2026-01-27
275,275,CD-RJ,20,56,7,2026-01-24
276,276,CD-RJ,573,16,10,2026-01-17
277,277,CD-RJ,282,53,16,2026-01-23
278,278,cd_sp,185,69,28,2026-01-21
279,279,CD-RJ,523,21,21,2026-01-24
280,280,CD-RJ,473,43,12,2026-01-21
281,281,CD-SP,459,18,19,2026-01-19
282,282,CD-RJ,386,11,30,2026-01-25
283,283,CD-RJ,-6,68,12,2026-01-19
284,284,CD-RJ,445,33,42,2026-01-05
285,285,CD-RJ,370,13,48,2026-01-13
286,286,CD-MG,219,3,44,2026-01-12
287,287,CD-RJ,554,78,19,2026-02-01
288,288,CD-MG,44,38,46,2026-01-30
289,289,CD-SP,398,17,7,2026-01-07
290,290,CD-RJ,18,63,12,2026-01-15
291,291,cd_sp,79,68,13,2026-01-09
292,292,CD-MG,377,47,47,2026-01-24
293,293,CD-MG,533,75,14,2026-01-17
294,294,CD-SP,404,62,44,2026-01-07
295,295,CD-RJ,397,4,49,2026-01-14
296,296,cd_sp,359,56,33,2026-02-02
297,297,CD-RJ,221,12,48,2026-01-30
298,298,CD-RJ,356,7,30,2026-01-23
299,299,cd_sp,262,15,34,2026-01-15
300,300,cd_sp,73,76,6,2026-01-28
301,301,CD-RJ,31,31,13,2026-01-13
302,302,cd_sp,558,8,40,2026-01-06
303,303,cd_sp,192,29,26,2026-02-01
304,304,CD-SP,131,35,14,2026-01-28
305,305,CD-RJ,113,22,12,2026-01-17
306,306,cd_sp,6,1,27,2026-01-31
307,307,CD-RJ,223,2,16,2026-01-10
308,308,CD-SP,251,16,31,2026-01-21
309,309,CD-SP,518,8,35,2026-02-02
310,310,CD-RJ,439,65,42,2026-01-21
311,311,CD-MG,91,64,19,2026-01-24
312,312,CD-RJ,24,58,46,2026-01-19
313,313,CD-SP,11,61,30,2026-02-02
314,314,CD-SP,416,62,50,2026-01-18
315,315,CD-SP,434,10,25,2026-01-11
316,316,CD-SP,131,16,22,2026-01-10
317,317,CD-RJ,579,48,43,2026-01-09
318,318,CD-RJ,523,58,37,2026-01-12
319,319,CD-MG,599,12,49,2026-01-28
320,320,cd_sp,97,55,33,2026-01-11
321,321,CD-MG,213,43,34,2026-01-26
322,322,CD-MG,388,12,25,2026-02-01
323,323,CD-RJ,417,32,28,2026-01-26
324,324,CD-MG,136,8,10,2026-02-03
325,325,CD-SP,67,55,11,2026-01-20
326,326,cd_sp,361,71,8,2026-01-31
327,327,CD-RJ,580,15,31,2026-01-27
328,328,CD-MG,342,6,23,2026-01-15
329,329,CD-RJ,594,45,11,2026-01-16
330,330,cd_sp,571,19,47,2026-01-31
331,331,cd_sp,473,13,27,2026-01-24
332,332,CD-RJ,549,14,22,2026-01-31
333,333,cd_sp,567,54,40,2026-01-12
334,334,CD-SP,550,77,47,2026-02-01
335,335,CD-SP,253,23,22,2026-01-08
336,336,CD-RJ,296,44,5,2026-01-27
337,337,cd_sp,165,72,47,2026-01-26
338,338,CD-SP,390,18,45,2026-01-14
339,339,CD-SP,11,67,18,2026-01-13
340,340,CD-MG,365,58,26,2026-01-12
341,341,CD-RJ,141,39,25,2026-01-10
342,342,CD-SP,561,6,14,2026-01-21
343,343,CD-SP,141,10,22,2026-01-22
344,344,CD-MG,433,62,43,2026-01-07
345,345,CD-MG,432,34,18,2026-01-26
346,346,CD-SP,504,44,32,2026-01-18
347,347,CD-RJ,93,75,36,2026-01-15
348,348,CD-RJ,519,5,19,2026-01-18
349,349,CD-SP,384,0,18,2026-01-17
350,350,cd_sp,288,17,21,2026-01-22
351,351,CD-RJ,276,15,5,2026-02-03
352,352,CD-MG,489,22,13,2026-01-08
353,353,cd_sp,369,64,40,2026-01-19
354,354,CD-SP,342,50,7,2026-02-03
355,355,CD-SP,426,58,9,2026-01-13
356,356,CD-MG,300,73,30,2026-01-15
357,357,CD-RJ,407,14,30,2026-02-03
358,358,CD-RJ,1,21,44,2026-01-08
359,359,CD-RJ,451,11,32,2026-01-10
360,360,cd_sp,88,55,42,2026-01-23
361,361,CD-SP,390,50,24,2026-02-03
362,362,cd_sp,327,42,15,2026-01-19
363,363,CD-SP,58,67,37,2026-01-18
364,364,CD-RJ,178,44,46,2026-01-25
365,365,cd_sp,131,13,14,2026-01-26
366,366,cd_sp,242,22,43,2026-01-08
367,367,CD-SP,136,22,45,2026-01-23
368,368,CD-MG,485,72,42,2026-01-09
369,369,CD-RJ,439,80,25,2026-01-16
370,370,CD-MG,134,8,35,2026-01-30
371,371,CD-RJ,432,35,42,2026-01-13
372,372,CD-RJ,37,64,9,2026-01-18
373,373,CD-MG,297,57,7,2026-01-29
374,374,CD-RJ,38,36,9,2026-02-02
375,375,CD-MG,72,59,42,2026-01-06
376,376,CD-SP,547,57,41,2026-01-12
377,377,CD-RJ,172,77,35,2026-01-28
378,378,cd_sp,493,7,33,2026-02-01
379,379,CD-RJ,85,10,37,2026-01-24
380,380,CD-SP,156,31,50,2026-01-13
381,381,CD-MG,428,67,38,2026-02-02
382,382,CD-RJ,142,47,23,2026-01-10
383,383,CD-MG,376,43,48,2026-01-19
384,384,CD-SP,592,80,46,2026-01-28
385,385,CD-SP,322,42,11,2026-01-28
386,386,CD-MG,551,36,21,2026-01-25
387,387,cd_sp,597,42,10,2026-01-28
388,388,cd_sp,576,44,24,2026-01-14
389,389,cd_sp,381,76,50,2026-02-02
390,390,CD-RJ,66,71,29,2026-01-29
391,391,cd_sp,316,67,10,2026-01-06
392,392,CD-RJ,413,2,28,2026-01-22
393,393,cd_sp,296,27,26,2026-02-02
394,394,cd_sp,477,28,13,2026-01-27
395,395,CD-SP,138,37,11,2026-01-05
396,396,CD-SP,499,43,44,2026-01-17
397,397,CD-MG,114,19,15,2026-01-17
398,398,cd_sp,165,56,7,2026-01-08
399,399,CD-RJ,400,30,33,2026-01-30
400,400,CD-MG,271,29,39,2026-01-22
401,401,CD-RJ,224,60,17,2026-01-13
402,402,CD-MG,356,59,23,2026-01-12
403,403,CD-MG,371,20,17,2026-01-17
404,404,cd_sp,599,32,8,2026-01-06
405,405,CD-RJ,472,70,11,2026-01-21
406,406,CD-SP,508,36,10,2026-01-27
407,407,CD-RJ,144,57,37,2026-01-14
408,408,CD-MG,130,11,19,2026-02-03
409,409,CD-RJ,441,3,31,2026-01-29
410,410,CD-MG,34,64,28,2026-01-16
411,411,CD-MG,221,10,28,2026-01-13
412,412,CD-SP,209,40,11,2026-01-25
413,413,cd_sp,323,17,7,2026-01-10
414,414,CD-MG,273,17,50,2026-01-20
415,415,CD-MG,460,78,5,2026-01-13
416,416,CD-SP,61,32,18,2026-01-16
417,417,CD-MG,133,14,23,2026-01-06
418,418,CD-RJ,223,15,8,2026-01-11
419,419,CD-MG,224,79,34,2026-01-19
420,420,CD-SP,44,63,43,2026-01-10
421,421,CD-SP,528,80,37,2026-01-14
422,422,cd_sp,568,18,23,2026-02-01
423,423,CD-SP,419,78,27,2026-01-19
424,424,CD-MG,226,23,47,2026-01-21
425,425,CD-RJ,67,8,38,2026-02-02
426,426,CD-SP,537,49,35,2026-01-31
427,427,CD-MG,24,47,21,2026-01-31
428,428,CD-RJ,-4,8,27,2026-02-01
429,429,CD-SP,226,74,26,2026-01-08
430,430,CD-SP,116,45,39,2026-01-13
431,431,cd_sp,326,59,49,2026-01-30
432,432,cd_sp,470,17,9,2026-01-06
433,433,CD-SP,448,37,17,2026-01-19
434,434,cd_sp,24,5,25,2026-01-10
435,435,CD-MG,297,69,35,2026-01-24
436,436,CD-SP,239,24,23,2026-01-20
437,437,CD-SP,345,42,22,2026-01-26
438,438,CD-RJ,107,55,30,2026-01-08
439,439,CD-MG,430,43,16,2026-01-19
440,440,CD-MG,488,47,38,2026-01-19
441,441,CD-SP,253,54,10,2026-01-12
442,442,cd_sp,420,69,23,2026-01-07
443,443,CD-SP,308,10,25,2026-01-16
444,444,CD-RJ,282,57,43,2026-02-01
445,445,cd_sp,416,56,27,2026-01-16
446,446,CD-SP,437,45,44,2026-01-14
447,447,CD-RJ,425,7,9,2026-01-23
448,448,CD-RJ,395,65,48,2026-01-27
449,449,CD-SP,143,18,43,2026-01-28
450,450,CD-SP,428,16,9,2026-01-30
451,451,CD-RJ,221,46,29,2026-01-15
452,452,CD-SP,560,77,14,2026-01-13
453,453,CD-RJ,440,47,33,2026-01-18
454,454,cd_sp,58,67,28,2026-01-18
455,455,CD-RJ,387,35,20,2026-01-18
456,456,CD-SP,96,23,36,2026-01-14
457,457,CD-MG,510,71,12,2026-02-02
458,458,CD-RJ,248,57,18,2026-02-02
459,459,CD-MG,272,25,12,2026-01-16
460,460,CD-SP,118,57,16,2026-02-02
461,461,CD-SP,435,40,47,2026-01-23
462,462,CD-SP,335,70,39,2026-01-20
463,463,CD-RJ,277,20,50,2026-02-03
464,464,CD-RJ,158,65,19,2026-01-22
465,465,cd_sp,104,17,20,2026-01-25
466,466,CD-SP,485,46,40,2026-01-18
467,467,CD-RJ,566,59,40,2026-01-16
468,468,CD-SP,112,8,24,2026-01-13
469,469,CD-MG,387,67,31,2026-01-06
470,470,CD-SP,399,16,25,2026-01-15
471,471,CD-MG,55,59,48,2026-01-20
472,472,CD-RJ,509,16,40,2026-01-16
473,473,cd_sp,581,16,32,2026-01-22
474,474,CD-SP,494,15,38,2026-01-15
475,475,CD-RJ,136,21,15,2026-02-03
476,476,cd_sp,310,44,38,2026-01-28
477,477,CD-SP,270,32,17,2026-01-08
478,478,CD-RJ,544,16,45,2026-01-19
479,479,CD-SP,290,64,46,2026-01-15
480,480,cd_sp,152,21,47,2026-01-10
481,481,CD-RJ,599,72,7,2026-01-12
482,482,CD-SP,9,5,46,2026-01-12
483,483,CD-RJ,570,26,41,2026-01-25
484,484,CD-SP,406,63,45,2026-01-11
485,485,CD-RJ,538,38,35,2026-01-15
486,486,CD-MG,230,38,34,2026-01-20
487,487,CD-SP,54,20,33,2026-02-01
488,488,CD-MG,405,59,18,2026-01-09
489,489,cd_sp,328,40,50,2026-02-01
490,490,CD-RJ,306,51,13,2026-01-11
491,491,CD-SP,359,40,20,2026-01-15
492,492,CD-SP,457,34,33,2026-01-10
493,493,cd_sp,233,12,8,2026-01-16
494,494,CD-MG,277,78,31,2026-01-31
495,495,cd_sp,234,41,41,2026-01-16
496,496,cd_sp,300,20,36,2026-01-23
497,497,CD-MG,507,63,24,2026-01-15
498,498,CD-SP,489,11,30,2026-01-23
499,499,CD-MG,497,30,18,2026-01-07
500,500,CD-RJ,577,6,8,2026-01-05
501,501,CD-MG,268,76,46,2026-01-19
502,502,CD-RJ,461,68,5,2026-01-14
503,503,CD-MG,90,17,21,2026-01-29
504,504,CD-MG,354,46,7,2026-01-09
505,505,CD-SP,390,72,40,2026-01-22
506,506,CD-RJ,179,70,23,2026-01-28
507,507,CD-MG,55,64,33,2026-01-21
508,508,CD-RJ,543,79,48,2026-01-29
509,509,cd_sp,101,12,30,2026-01-21
510,510,CD-RJ,362,71,28,2026-01-28
511,511,cd_sp,127,77,37,2026-01-11
512,512,CD-SP,391,5,7,2026-01-09
513,513,CD-RJ,120,60,38,2026-01-07
514,514,cd_sp,447,77,37,2026-02-02
515,515,CD-RJ,123,78,25,2026-01-10
516,516,CD-MG,146,78,24,2026-01-08
517,517,CD-RJ,587,64,37,2026-01-13
518,518,CD-MG,525,72,24,2026-01-31
519,519,CD-SP,466,47,26,2026-02-01
520,520,CD-MG,92,74,24,2026-01-30
521,521,CD-MG,7,33,46,2026-01-11
522,522,cd_sp,572,6,42,2026-01-31
523,523,cd_sp,471,67,45,2026-01-18
524,524,cd_sp,369,31,7,2026-01-30
525,525,CD-SP,566,24,6,2026-01-08
526,526,CD-RJ,431,53,14,2026-01-29
527,527,cd_sp,402,52,37,2026-01-28
528,528,CD-SP,462,17,38,2026-01-09
529,529,CD-RJ,192,61,38,2026-01-30
530,530,CD-RJ,365,22,34,2026-01-19
531,531,CD-RJ,525,69,27,2026-01-19
532,532,CD-MG,250,24,20,2026-01-23
533,533,CD-RJ,265,28,24,2026-01-29
534,534,cd_sp,275,62,25,2026-01-05
535,535,CD-RJ,471,71,22,2026-01-24
536,536,CD-SP,274,73,48,2026-01-26
537,537,CD-MG,536,50,27,2026-01-14
538,538,CD-RJ,129,5,23,2026-01-29
539,539,CD-RJ,60,56,46,2026-01-13
540,540,CD-MG,242,27,17,2026-01-17
541,541,CD-RJ,531,71,49,2026-01-17
542,542,cd_sp,258,13,44,2026-01-21
543,543,cd_sp,580,31,8,2026-01-27
544,544,cd_sp,523,29,8,2026-01-06
545,545,CD-MG,82,42,50,2026-02-02
546,546,CD-SP,463,17,5,2026-01-06
547,547,cd_sp,543,52,46,2026-01-22
548,548,CD-MG,467,25,23,2026-01-28
549,549,CD-RJ,308,7,10,2026-01-05
550,550,cd_sp,567,68,7,2026-01-23
551,551,CD-MG,159,22,7,2026-02-02
552,552,CD-MG,386,23,23,2026-01-12
553,553,CD-SP,18,38,41,2026-01-06
554,554,CD-SP,597,42,23,2026-02-02
555,555,CD-MG,445,17,37,2026-01-15
556,556,CD-RJ,459,24,12,2026-01-27
557,557,cd_sp,318,58,46,2026-01-12
558,558,cd_sp,243,1,26,2026-01-12
559,559,cd_sp,282,22,44,2026-01-20
560,560,CD-MG,395,65,25,2026-01-31
561,561,CD-MG,68,12,16,2026-01-19
562,562,CD-MG,123,41,20,2026-01-19
563,563,CD-RJ,-14,49,20,2026-01-19
564,564,CD-RJ,437,42,24,2026-01-29
565,565,CD-SP,576,33,46,2026-01-27
566,566,cd_sp,348,7,47,2026-01-13
567,567,CD-MG,101,39,15,2026-01-22
568,568,CD-RJ,395,15,45,2026-02-02
569,569,CD-RJ,282,78,19,2026-01-17
570,570,cd_sp,204,61,14,2026-01-17
571,571,CD-RJ,445,53,49,2026-01-28
572,572,CD-MG,542,68,47,2026-01-19
573,573,cd_sp,203,76,10,2026-01-26
574,574,CD-MG,518,67,50,2026-01-17
575,575,CD-SP,350,72,12,2026-01-18
576,576,cd_sp,43,73,39,2026-01-12
577,577,cd_sp,133,41,38,2026-01-27
578,578,CD-SP,432,26,50,2026-01-24
579,579,CD-MG,577,11,37,2026-01-14
580,580,CD-SP,436,58,13,2026-01-17
581,581,CD-MG,505,58,41,2026-02-03
582,582,CD-MG,39,39,6,2026-01-27
583,583,CD-RJ,385,0,18,2026-02-01
584,584,CD-SP,572,5,32,2026-01-27
585,585,CD-SP,332,69,8,2026-01-20
586,586,CD-MG,50,4,23,2026-02-03
587,587,cd_sp,398,17,46,2026-01-19
588,588,CD-RJ,410,48,33,2026-01-21
589,589,CD-MG,366,10,48,2026-01-17
590,590,cd_sp,532,44,12,2026-01-06
591,591,CD-MG,162,67,13,2026-01-21
592,592,CD-SP,208,2,24,2026-02-02
593,593,CD-MG,454,68,29,2026-01-31
594,594,cd_sp,215,58,27,2026-01-22
595,595,CD-RJ,138,24,12,2026-01-06
596,596,CD-MG,12,78,6,2026-01-09
597,597,cd_sp,226,8,11,2026-01-09
598,598,CD-SP,588,57,43,2026-01-11
599,599,cd_sp,29,5,30,2026-01-06
600,600,cd_sp,429,69,18,2026-01-12
601,601,cd_sp,37,64,23,2026-01-09
602,602,CD-RJ,219,73,43,2026-01-26
603,603,cd_sp,308,38,14,2026-01-28
604,604,cd_sp,513,52,24,2026-01-27
605,605,CD-SP,261,71,42,2026-01-13
606,606,CD-MG,159,71,36,2026-01-23
607,607,CD-RJ,28,48,38,2026-01-31
608,608,CD-MG,306,52,14,2026-01-30
609,609,CD-MG,287,23,39,2026-01-29
610,610,cd_sp,464,28,24,2026-01-22
611,611,CD-MG,127,7,40,2026-01-11
612,612,CD-MG,402,71,38,2026-01-20
613,613,CD-MG,117,31,21,2026-01-10
614,614,CD-RJ,188,10,33,2026-01-28
615,615,CD-SP,359,68,17,2026-01-31
616,616,CD-RJ,32,48,48,2026-01-27
617,617,CD-SP,599,9,17,2026-01-15
618,618,cd_sp,581,61,18,2026-01-21
619,619,CD-RJ,320,1,18,2026-02-02
620,620,CD-SP,174,61,20,2026-01-09
621,621,cd_sp,598,50,20,2026-02-02
622,622,CD-RJ,545,36,29,2026-01-06
623,623,CD-RJ,457,39,21,2026-01-23
624,624,CD-MG,348,59,11,2026-01-22
625,625,CD-RJ,460,26,28,2026-01-30
626,626,CD-MG,300,5,41,2026-01-26
627,627,cd_sp,206,2,21,2026-01-10
628,628,CD-MG,546,37,14,2026-01-23
629,629,CD-RJ,180,29,29,2026-01-25
630,630,cd_sp,563,63,40,2026-01-11
631,631,CD-RJ,325,62,46,2026-01-14
632,632,CD-MG,482,21,27,2026-01-30
633,633,cd_sp,153,69,36,2026-01-08
634,634,CD-SP,168,67,7,2026-01-14
635,635,CD-SP,56,0,31,2026-01-26
636,636,cd_sp,120,8,50,2026-01-08
637,637,CD-SP,134,27,37,2026-01-13
638,638,CD-RJ,446,7,44,2026-01-30
639,639,CD-MG,474,2,5,2026-01-20
640,640,CD-MG,524,1,6,2026-01-14
641,641,CD-RJ,522,68,23,2026-01-07
642,642,CD-MG,-3,22,11,2026-01-09
643,643,cd_sp,78,30,17,2026-01-12
644,644,CD-RJ,519,45,22,2026-01-21
645,645,CD-SP,386,47,30,2026-01-23
646,646,cd_sp,450,28,24,2026-01-23
647,647,CD-SP,62,11,30,2026-01-18
648,648,CD-MG,368,70,35,2026-01-13
649,649,CD-SP,37,21,10,2026-01-31
650,650,CD-MG,491,42,41,2026-01-31
651,651,CD-SP,77,29,18,2026-01-28
652,652,CD-MG,560,34,7,2026-01-11
653,653,CD-RJ,56,69,41,2026-01-21
654,654,cd_sp,13,40,6,2026-01-18
655,655,cd_sp,192,50,9,2026-01-14
656,656,cd_sp,286,72,20,2026-02-02
657,657,CD-MG,560,69,26,2026-01-26
658,658,cd_sp,373,10,37,2026-01-22
659,659,CD-SP,334,12,32,2026-01-21
660,660,CD-SP,217,43,43,2026-01-16
661,661,CD-MG,589,41,6,2026-01-14
662,662,CD-MG,259,62,19,2026-01-26
663,663,CD-MG,344,55,16,2026-01-10
664,664,CD-MG,579,10,44,2026-01-19
665,665,cd_sp,282,9,10,2026-01-25
666,666,cd_sp,254,48,50,2026-01-31
667,667,CD-MG,137,40,28,2026-01-15
668,668,CD-SP,89,0,24,2026-01-10
669,669,CD-RJ,435,34,11,2026-01-10
670,670,CD-SP,115,23,32,2026-02-02
671,671,CD-MG,439,13,6,2026-01-31
672,672,CD-RJ,71,70,10,2026-01-15
673,673,CD-RJ,591,49,5,2026-01-19
674,674,CD-MG,278,49,10,2026-01-05
675,675,cd_sp,552,73,38,2026-01-30
676,676,CD-MG,153,21,13,2026-01-29
677,677,CD-RJ,255,34,36,2026-01-07
678,678,CD-SP,129,21,32,2026-01-08
679,679,CD-MG,262,38,35,2026-02-03
680,680,CD-RJ,58,32,20,2026-01-14
681,681,cd_sp,487,58,11,2026-01-23
682,682,CD-RJ,118,0,30,2026-01-23
683,683,CD-MG,320,42,33,2026-02-03
684,684,CD-MG,322,76,13,2026-01-15
685,685,CD-RJ,287,77,49,2026-01-08
686,686,CD-MG,185,40,16,2026-01-15
687,687,CD-RJ,387,37,49,2026-01-21
688,688,cd_sp,482,41,29,2026-01-25
689,689,CD-MG,267,46,12,2026-02-03
690,690,cd_sp,557,75,39,2026-01-25
691,691,CD-SP,164,59,50,2026-01-15
692,692,CD-MG,194,37,49,2026-02-03
693,693,CD-MG,50,63,13,2026-01-10
694,694,cd_sp,290,32,47,2026-01-14
695,695,CD-MG,137,48,9,2026-01-18
696,696,CD-MG,439,74,30,2026-01-28
697,697,CD-MG,527,69,7,2026-01-05
698,698,CD-SP,348,13,20,2026-01-27
699,699,cd_sp,343,78,7,2026-01-10
700,700,CD-MG,556,42,32,2026-01-12
701,701,CD-SP,88,12,21,2026-01-06
702,702,cd_sp,207,57,28,2026-01-16
703,703,CD-MG,380,75,49,2026-01-17
704,704,cd_sp,492,44,6,2026-01-23
705,705,CD-SP,474,37,31,2026-02-02
706,706,CD-SP,67,18,27,2026-01-26
707,707,CD-RJ,299,58,18,2026-01-18
708,708,CD-MG,513,44,35,2026-01-12
709,709,CD-MG,79,57,25,2026-01-15
710,710,CD-RJ,48,5,50,2026-01-10
711,711,CD-SP,97,43,46,2026-01-29
712,712,cd_sp,91,31,38,2026-01-27
713,713,cd_sp,158,42,40,2026-01-15
714,714,CD-MG,416,29,30,2026-01-31
715,715,cd_sp,168,55,30,2026-01-15
716,716,cd_sp,9,57,42,2026-01-06
717,717,CD-MG,419,0,50,2026-01-09
718,718,cd_sp,199,35,50,2026-02-01
719,719,CD-SP,44,68,16,2026-01-11
720,720,CD-RJ,354,25,34,2026-01-07
721,721,CD-RJ,96,62,38,2026-01-19
722,722,CD-MG,300,78,30,2026-01-30
723,723,CD-SP,581,44,27,2026-01-26
724,724,cd_sp,448,38,44,2026-02-03
725,725,CD-SP,584,17,25,2026-01-21
726,726,cd_sp,100,39,12,2026-01-21
727,727,CD-RJ,167,18,37,2026-02-01
728,728,CD-MG,377,76,13,2026-01-29
729,729,CD-MG,568,54,16,2026-01-07
730,730,cd_sp,478,71,15,2026-01-11
731,731,CD-RJ,481,17,16,2026-01-16
732,732,CD-MG,302,79,8,2026-01-13
733,733,CD-SP,347,62,13,2026-01-25
734,734,CD-MG,179,71,37,2026-01-31
735,735,CD-MG,486,62,31,2026-02-03
736,736,CD-MG,434,21,10,2026-01-10
737,737,CD-SP,558,28,23,2026-01-23
738,738,CD-RJ,13,28,39,2026-01-16
739,739,cd_sp,275,58,41,2026-01-05
740,740,CD-SP,487,73,12,2026-01-28
741,741,CD-RJ,254,69,7,2026-01-07
742,742,cd_sp,431,54,11,2026-01-06
743,743,CD-RJ,233,4,33,2026-01-23
744,744,CD-RJ,249,11,33,2026-01-24
745,745,cd_sp,100,26,42,2026-01-23
746,746,CD-MG,339,21,44,2026-02-03
747,747,cd_sp,122,26,8,2026-01-26
748,748,CD-RJ,563,68,22,2026-01-09
749,749,cd_sp,591,41,50,2026-01-28
750,750,CD-RJ,279,73,22,2026-01-13
751,751,CD-SP,506,17,31,2026-01-14
752,752,CD-RJ,40,16,49,2026-02-03
753,753,cd_sp,115,18,50,2026-02-03
754,754,cd_sp,309,50,36,2026-01-25
755,755,CD-RJ,125,80,31,2026-01-25
756,756,CD-MG,364,9,45,2026-01-06
757,757,CD-MG,75,65,22,2026-01-17
758,758,CD-MG,357,62,25,2026-01-29
759,759,CD-SP,575,11,34,2026-01-11
760,760,CD-SP,346,68,30,2026-01-08
761,761,CD-MG,203,27,36,2026-01-28
762,762,CD-RJ,254,36,26,2026-01-12
763,763,cd_sp,540,72,36,2026-01-30
764,764,CD-SP,331,5,11,2026-01-19
765,765,CD-SP,450,15,15,2026-01-28
766,766,CD-MG,431,0,32,2026-01-12
767,767,cd_sp,187,38,15,2026-02-02
768,768,CD-SP,260,46,21,2026-01-14
769,769,CD-RJ,64,21,8,2026-01-12
770,770,CD-RJ,385,29,32,2026-01-11
771,771,CD-SP,73,0,18,2026-01-11
772,772,CD-SP,468,16,42,2026-01-11
773,773,CD-MG,211,1,5,2026-01-12
774,774,CD-SP,331,54,49,2026-01-29
775,775,CD-MG,115,9,19,2026-02-02
776,776,CD-SP,372,13,11,2026-01-30
777,777,CD-RJ,300,38,13,2026-01-14
778,778,cd_sp,371,18,9,2026-01-22
779,779,CD-SP,523,78,46,2026-01-25
780,780,CD-MG,148,44,18,2026-01-06
781,781,CD-MG,135,78,48,2026-01-08
782,782,cd_sp,433,11,11,2026-01-15
783,783,CD-SP,123,75,29,2026-01-31
784,784,CD-MG,339,40,13,2026-01-31
785,785,CD-RJ,233,10,20,2026-01-06
786,786,CD-RJ,546,3,47,2026-01-23
787,787,cd_sp,288,66,43,2026-01-18
788,788,cd_sp,501,50,23,2026-01-22
789,789,cd_sp,35,63,29,2026-01-11
790,790,cd_sp,95,63,45,2026-01-26
791,791,CD-SP,588,67,5,2026-01-29
792,792,CD-RJ,349,16,29,2026-01-10
793,793,CD-MG,562,46,39,2026-02-01
794,794,CD-MG,156,9,6,2026-01-21
795,795,CD-SP,581,1,21,2026-01-15
796,796,CD-SP,200,7,30,2026-01-27
797,797,CD-RJ,498,80,50,2026-02-03
798,798,CD-MG,493,54,49,2026-01-24
799,799,CD-SP,391,68,39,2026-01-20
800,800,CD-RJ,136,10,24,2026-02-03
