id_produto,sku,nome_produto,categoria,marca,preco_lista,custo_unitario,peso_kg,ativo
1,SKU-1409,Adipisci,Roupas,Apple,2568.52,1057.22,11.07,True
2,SKU-1520,Facilis,Eletrônicos,Samsung,2374.26,971.83,7.63,True
3,SKU-9928,Aut,Casa,Apple,2258.14,1184.63,4.25,True
4,SKU-3615,Unde,Casa,LG,3042.47,1335.45,3.31,True
5,SKU-7224,Quam,Eletrônicos,LG,435.77,315.39,9.1,True
6,SKU-9785,Voluptatibus,Eletrônicos,Nike,2927.04,993.44,4.47,True
7,SKU-2139,Molestias,Eletrônicos,Genérica,2322.09,961.23,4.41,True
8,SKU-2654,Expedita,Casa,LG,3425.61,1804.29,12.53,True
9,SKU-4432,Dolor,Roupas,Genérica,1499.62,1152.2,9.76,True
10,SKU-5010,Deleniti,eletronicos,Nike,2150.54,1053.18,14.84,True
11,SKU-1916,Expedita,eletronicos,Samsung,2747.92,1930.48,6.08,True
12,SKU-6155,Laboriosam,eletronicos,Genérica,867.6,476.85,13.28,False
13,SKU-3287,Ab,eletronicos,Genérica,597.2,346.78,4.01,False
14,SKU-7543,Blanditiis,Roupas,Apple,3594.36,2870.68,2.16,False
15,SKU-1771,Libero,Eletrônicos,Apple,390.91,239.91,11.9,False
16,SKU-7304,Doloremque,Casa,Adidas,2397.74,1913.55,7.98,True
17,SKU-2876,Sit,Beleza,LG,2730.73,1868.63,5.17,True
18,SKU-8433,Totam,Eletrônicos,Genérica,1756.02,1295.81,4.02,True
19,SKU-2743,Aut,Roupas,Genérica,2045.5,1132.86,3.06,True
20,SKU-9837,Velit,Beleza,Samsung,3057.17,1832.69,7.38,True
21,SKU-6038,Consequuntur,eletronicos,Samsung,3718.52,1563.4,8.55,True
22,SKU-8962,Quas,Eletrônicos,Adidas,370.04,252.71,2.01,False
23,SKU-3705,Accusantium,Roupas,Adidas,3788.99,2789.52,6.4,True
24,SKU-4295,Ex,Roupas,Nike,3717.79,2965.21,9.78,False
25,SKU-8397,Molestiae,Eletrônicos,Apple,3601.47,1485.06,5.14,True
26,SKU-1117,Eius,Eletrônicos,Genérica,2366.11,1456.46,3.51,True
27,SKU-2160,Sequi,Beleza,Apple,3442.75,1512.19,7.33,True
28,SKU-8744,Ipsum,eletronicos,Nike,2901.71,2042.07,2.94,True
29,SKU-6804,Vero,Casa,Nike,2646.16,1411.76,10.96,True
30,SKU-6559,Fugiat,Eletrônicos,Apple,270.63,107.11,8.09,True
31,SKU-5563,Voluptates,Casa,Apple,1704.87,1256.9,1.22,True
32,SKU-9856,Non,Eletrônicos,Samsung,230.84,176.17,12.75,True
33,SKU-8886,Autem,eletronicos,Nike,1643.46,1234.61,2.55,True
34,SKU-5345,Magni,Casa,LG,3941.68,2016.18,14.36,False
35,SKU-5861,Enim,eletronicos,Samsung,644.54,380.02,8.18,True
36,SKU-8811,Cumque,Beleza,Adidas,256.95,97.31,14.42,True
37,SKU-2122,Earum,Beleza,Samsung,3409.83,2174.13,3.6,True
38,SKU-5033,Officia,Beleza,Adidas,3768.14,1205.32,1.32,True
39,SKU-4346,In,Roupas,Apple,3740.78,1619.04,2.05,True
40,SKU-2188,Fuga,Eletrônicos,Nike,1845.18,1126.63,8.49,True
41,SKU-4492,Ab,Beleza,LG,320.85,117.5,5.3,True
42,SKU-7054,Occaecati,Roupas,Apple,3520.7,1827.57,8.19,True
43,SKU-9666,Optio,Eletrônicos,Genérica,2458.36,1741.88,4.56,True
44,SKU-3200,Est,Roupas,Samsung,3757.55,2798.84,11.16,True
45,SKU-4450,Neque,Roupas,Apple,1111.22,715.35,12.81,False
46,SKU-1832,Quod,Eletrônicos,Genérica,1026.95,525.58,4.22,True
47,SKU-3143,Debitis,Roupas,Apple,1354.22,908.16,8.32,False
48,SKU-2832,Voluptate,Eletrônicos,Genérica,2256.8,1697.03,8.23,True
49,SKU-3426,Dolor,Casa,Apple,2342.56,751.76,5.53,True
50,SKU-4441,Voluptatum,eletronicos,Genérica,3598.73,1264.58,11.72,False
51,SKU-3532,Molestiae,eletronicos,Apple,3896.13,3070.55,12.18,False
52,SKU-6442,Iure,Casa,Genérica,128.4,93.99,12.18,True
53,SKU-2771,Culpa,Casa,Samsung,662.02,482.81,3.41,False
54,SKU-4728,Porro,eletronicos,Samsung,1418.14,893.45,6.04,True
55,SKU-5573,Iste,Roupas,Genérica,3461.48,1920.09,10.22,True
56,SKU-2889,Porro,Roupas,Apple,3758.77,2218.78,14.75,True
57,SKU-8119,Nostrum,Roupas,Genérica,460.36,319.13,6.6,True
58,SKU-4114,Culpa,Roupas,Samsung,1559.23,1020.35,0.13,True
59,SKU-2146,Consectetur,Roupas,Adidas,1475.96,674.45,12.74,True
60,SKU-7691,Eius,Roupas,Nike,2043.28,1325.28,8.36,True
61,SKU-7211,Placeat,eletronicos,Adidas,1699.17,993.26,6.15,True
62,SKU-4443,Expedita,Casa,Adidas,1236.38,745.95,4.9,False
63,SKU-4501,Natus,Beleza,Nike,1785.37,1244.17,14.4,True
64,SKU-5649,Neque,Beleza,Genérica,2645.64,1630.96,5.09,True
65,SKU-4680,Libero,eletronicos,Apple,2701.0,843.29,3.75,False
66,SKU-2193,Sit,Casa,Nike,2456.76,1825.54,8.68,False
67,SKU-4997,Provident,eletronicos,Genérica,1992.68,1282.91,13.4,True
68,SKU-4585,Unde,eletronicos,Genérica,3120.33,1744.2,0.85,True
69,SKU-2988,Voluptas,Casa,Apple,3672.36,2573.25,10.05,True
70,SKU-8251,Temporibus,Beleza,Genérica,3801.66,2836.07,6.46,False
71,SKU-8777,Provident,Casa,LG,3591.92,2427.73,12.61,True
72,SKU-9540,Ducimus,Casa,Genérica,3070.28,1288.36,6.65,True
73,SKU-6502,Explicabo,Roupas,Adidas,960.94,327.0,2.35,False
74,SKU-4505,Laborum,Eletrônicos,Nike,2784.98,1403.07,8.18,False
75,SKU-7883,Sint,Casa,Adidas,277.19,214.28,0.39,False
76,SKU-6763,Quos,Roupas,Nike,1923.61,1397.93,14.31,False
77,SKU-9947,Praesentium,Beleza,Apple,2166.74,1178.95,4.17,False
78,SKU-6507,Quisquam,Casa,Genérica,145.23,55.55,7.06,True
79,SKU-9751,Fugiat,Eletrônicos,Nike,3923.47,2338.18,9.98,True
80,SKU-3223,Saepe,Casa,Apple,2581.72,839.43,5.75,True
81,SKU-6529,Porro,Casa,LG,1835.16,1240.57,12.5,True
82,SKU-8705,Soluta,Eletrônicos,Genérica,3344.6,1905.45,15.0,True
83,SKU-2124,Quisquam,Eletrônicos,Samsung,920.16,712.95,3.07,True
84,SKU-4908,Provident,eletronicos,Nike,2496.7,1584.73,8.5,True
85,SKU-5198,Temporibus,Roupas,Apple,1876.18,1131.24,14.46,True
86,SKU-3683,Aspernatur,Roupas,Samsung,3117.83,1837.47,13.94,False
87,SKU-4249,Consequuntur,Eletrônicos,Adidas,1604.72,1035.54,9.45,True
88,SKU-5941,Similique,Beleza,Samsung,2797.86,1953.22,8.53,True
89,SKU-8018,Officia,Roupas,Samsung,1408.4,778.82,5.18,False
90,SKU-2729,Consectetur,Casa,LG,3294.65,2035.41,12.45,True
91,SKU-9548,Impedit,Roupas,Adidas,1758.88,1238.43,8.12,False
92,SKU-5397,Fuga,Roupas,Apple,1875.55,1341.7,1.39,False
93,SKU-8613,Eius,Beleza,Adidas,998.14,632.91,5.11,False
94,SKU-3979,Magni,Casa,Apple,3408.28,1627.16,3.95,True
95,SKU-5526,Itaque,Beleza,Samsung,3524.87,1967.98,2.95,True
96,SKU-9004,Architecto,Beleza,Apple,2888.7,1864.09,9.72,False
97,SKU-1282,Facere,Eletrônicos,LG,1809.25,743.24,10.41,True
98,SKU-7046,Provident,Casa,Adidas,2665.92,1507.47,6.44,True
99,SKU-8434,Reiciendis,Roupas,LG,1426.69,607.34,1.9,True
100,SKU-9779,Iste,eletronicos,Apple,1282.73,523.6,7.31,True
101,SKU-4180,Earum,Roupas,Apple,3922.63,1884.59,4.6,True
102,SKU-1893,Ratione,Beleza,LG,1119.02,725.92,1.98,False
103,SKU-1200,Reiciendis,Beleza,LG,437.27,233.81,6.66,True
104,SKU-5136,Recusandae,Casa,Samsung,3863.03,2746.83,6.07,True
105,SKU-1878,Labore,eletronicos,Apple,2320.77,1637.47,14.24,True
106,SKU-2940,Voluptate,Beleza,Nike,3975.85,2398.07,11.88,True
107,SKU-7232,Autem,Casa,Nike,3109.5,1395.16,8.87,False
108,SKU-1986,Est,Beleza,Genérica,1242.36,434.35,11.46,True
109,SKU-2330,Quam,eletronicos,Apple,1080.65,418.11,1.22,True
110,SKU-8699,Placeat,Roupas,Samsung,1651.81,686.72,10.63,False
111,SKU-4824,Ipsa,Roupas,Genérica,312.58,185.95,12.08,True
112,SKU-9922,Aperiam,eletronicos,Genérica,1717.8,643.31,4.06,True
113,SKU-3718,Ea,Roupas,Adidas,313.5,211.45,8.58,True
114,SKU-8679,Est,Roupas,Genérica,1773.44,888.94,4.16,False
115,SKU-1653,Consectetur,Casa,Genérica,1767.9,815.29,3.83,True
116,SKU-1339,Reiciendis,Roupas,Adidas,938.83,300.53,11.37,False
117,SKU-8245,Labore,Roupas,Apple,2090.29,1669.04,6.59,False
118,SKU-8700,Repellat,Roupas,Nike,3877.15,1809.29,10.08,True
119,SKU-9117,Ea,Roupas,Genérica,1339.32,1034.75,12.22,True
120,SKU-6153,Consequatur,Roupas,LG,1835.66,657.09,11.61,True
121,SKU-9889,Cupiditate,Casa,Nike,2640.91,863.85,7.82,False
122,SKU-1845,Dicta,eletronicos,LG,2512.87,1443.92,13.92,False
123,SKU-8941,Cum,Eletrônicos,Samsung,3526.96,2774.21,9.17,True
124,SKU-6091,Nostrum,Beleza,Samsung,2847.84,1640.71,1.49,True
125,SKU-2924,Pariatur,eletronicos,Nike,1861.95,1426.86,4.45,True
126,SKU-8905,Amet,Casa,Apple,1679.5,887.43,2.26,True
127,SKU-9327,Quis,eletronicos,Samsung,3689.82,1616.6,11.87,False
128,SKU-9318,Molestias,Roupas,Samsung,1379.3,608.85,4.55,False
129,SKU-8316,Occaecati,Beleza,Nike,3465.08,1637.47,8.32,False
130,SKU-6272,Voluptates,eletronicos,Genérica,1837.72,770.74,5.81,False
131,SKU-8749,Corporis,Casa,Nike,203.28,161.45,11.91,True
132,SKU-1606,Voluptates,eletronicos,Adidas,1996.45,1562.58,5.05,True
133,SKU-8213,Eaque,Eletrônicos,Adidas,3500.54,2643.68,0.33,True
134,SKU-3529,Unde,Eletrônicos,Nike,1657.62,1145.02,4.05,False
135,SKU-6383,Accusantium,Beleza,Nike,2609.85,2028.04,9.44,False
136,SKU-1588,Ad,Beleza,Samsung,3493.36,1458.08,10.3,True
137,SKU-2480,Asperiores,Casa,Samsung,3989.78,2713.79,10.59,True
138,SKU-5906,Blanditiis,Eletrônicos,Samsung,1791.4,827.96,0.94,True
139,SKU-3385,Quibusdam,eletronicos,Adidas,1518.12,768.21,10.26,True
140,SKU-2293,Quidem,Beleza,Nike,704.84,429.85,3.69,True
141,SKU-5161,Quaerat,Casa,LG,951.79,602.88,13.49,False
142,SKU-9955,Beatae,eletronicos,Samsung,3607.8,1879.18,5.25,True
143,SKU-7951,Tempore,Roupas,Nike,2566.59,1854.75,3.07,False
144,SKU-2747,Eveniet,eletronicos,Nike,3417.74,2002.66,8.66,True
145,SKU-7484,Magnam,Roupas,Samsung,117.1,68.27,10.32,True
146,SKU-9138,Fugit,Roupas,Apple,3645.15,2199.97,5.35,True
147,SKU-3240,Praesentium,Eletrônicos,Genérica,2494.94,1554.77,4.7,False
148,SKU-6977,Numquam,eletronicos,Samsung,162.46,122.62,4.97,False
149,SKU-3165,Numquam,Beleza,LG,727.29,411.23,13.71,True
150,SKU-8894,Repudiandae,Roupas,Genérica,1050.17,772.08,12.08,False
151,SKU-3306,Nulla,eletronicos,Genérica,3852.69,2550.9,14.7,True
152,SKU-7464,Necessitatibus,Eletrônicos,LG,388.5,220.78,6.88,True
153,SKU-7086,Ullam,Eletrônicos,Genérica,2350.7,980.03,0.47,True
154,SKU-4626,Iure,Eletrônicos,Genérica,3663.57,2608.19,13.65,True
155,SKU-2911,Voluptatum,eletronicos,Samsung,2607.48,2015.92,4.64,False
156,SKU-4846,Asperiores,Beleza,Apple,491.0,242.71,5.63,False
157,SKU-3531,Sint,Casa,Genérica,2361.74,825.45,7.39,False
158,SKU-5583,Harum,Eletrônicos,Genérica,3758.04,1823.65,6.71,True
159,SKU-2627,Saepe,Roupas,Adidas,3426.14,2572.51,9.71,True
160,SKU-4109,Quam,Eletrônicos,Nike,1610.61,557.01,3.26,True
161,SKU-6464,Expedita,eletronicos,Apple,230.8,160.05,3.16,True
162,SKU-4817,Officiis,Roupas,Apple,2357.94,1637.17,8.98,True
163,SKU-3370,Dolore,eletronicos,Adidas,3437.87,1462.22,2.7,True
164,SKU-6869,Exercitationem,eletronicos,Adidas,553.26,255.54,2.7,True
165,SKU-7897,Quia,Beleza,Samsung,533.23,358.78,7.2,True
166,SKU-2786,Dicta,Casa,Adidas,2067.55,849.3,9.27,True
167,SKU-1510,Sit,Eletrônicos,Nike,1848.43,1337.61,6.45,True
168,SKU-8267,In,Eletrônicos,Samsung,1976.37,911.22,2.31,True
169,SKU-9984,Itaque,Roupas,Nike,1121.81,894.44,8.01,False
170,SKU-8048,Quibusdam,Eletrônicos,Genérica,2037.04,727.64,9.86,True
171,SKU-4743,Deleniti,Casa,LG,1737.38,1239.98,6.04,True
172,SKU-6120,Consequatur,Roupas,LG,1270.82,987.17,10.33,False
173,SKU-2398,Illum,Eletrônicos,Nike,296.52,103.27,11.11,True
174,SKU-6400,Omnis,Eletrônicos,Nike,2238.79,1067.45,10.01,False
175,SKU-1842,Aut,Roupas,Adidas,3476.33,1585.98,1.64,True
176,SKU-8900,Temporibus,eletronicos,Samsung,644.28,306.07,8.39,True
177,SKU-4705,Autem,Casa,Adidas,3057.54,2407.12,12.29,True
178,SKU-5381,Enim,Eletrônicos,Apple,2447.71,1068.76,11.46,True
179,SKU-3972,Dignissimos,eletronicos,Adidas,1423.56,894.95,1.14,True
180,SKU-9691,Accusamus,eletronicos,Nike,394.28,201.05,5.18,True
181,SKU-6314,Ullam,Beleza,Adidas,1267.2,433.99,0.88,True
182,SKU-1815,Alias,Eletrônicos,LG,3025.11,1577.77,6.42,False
183,SKU-4531,Ut,Beleza,Samsung,1674.31,791.26,1.75,False
184,SKU-6053,Dolores,Eletrônicos,Apple,2121.93,1055.94,9.03,True
185,SKU-4460,Deserunt,eletronicos,LG,841.56,374.26,1.89,False
186,SKU-3878,Quasi,eletronicos,Nike,2995.65,1696.41,3.53,True
187,SKU-1693,Aspernatur,Casa,Samsung,316.14,167.52,1.26,True
188,SKU-7626,Ex,Casa,LG,2315.76,828.09,0.41,True
189,SKU-8538,Modi,Roupas,Samsung,712.34,369.24,1.68,False
190,SKU-9584,Ut,Eletrônicos,Nike,2367.82,1740.97,11.21,True
191,SKU-3754,Illo,Eletrônicos,Adidas,1352.28,833.83,8.01,True
192,SKU-6724,Maiores,Roupas,Genérica,3626.51,2825.46,9.72,True
193,SKU-3399,Veritatis,Roupas,Apple,967.99,374.37,2.38,True
194,SKU-9095,Perferendis,Casa,Adidas,733.27,498.58,6.79,True
195,SKU-6179,Consequuntur,eletronicos,Nike,3461.06,1156.49,6.69,True
196,SKU-1920,Perferendis,Roupas,Adidas,3191.43,1075.82,6.98,True
197,SKU-5703,Maxime,Eletrônicos,Genérica,255.85,187.32,12.84,False
198,SKU-1672,Quo,Casa,Adidas,1866.97,1168.57,4.89,False
199,SKU-2013,Repudiandae,Casa,Samsung,2020.43,1425.38,12.58,True
200,SKU-3827,Explicabo,Eletrônicos,Apple,2033.06,1329.24,14.87,True
201,SKU-5634,Labore,Casa,Nike,1474.67,1013.44,10.22,True
202,SKU-6482,Fuga,Eletrônicos,LG,3163.23,1098.44,10.21,True
203,SKU-3463,Sequi,Roupas,Samsung,1030.42,609.36,2.21,True
204,SKU-7421,Quaerat,eletronicos,Adidas,1261.62,825.63,1.36,False
205,SKU-6381,Unde,eletronicos,Genérica,2584.67,1683.69,14.21,True
206,SKU-7937,Ad,Beleza,LG,2594.72,802.07,4.7,True
207,SKU-8967,Inventore,eletronicos,Apple,1386.68,1109.33,2.41,True
208,SKU-2657,Illum,Beleza,Adidas,3382.38,2427.06,13.27,True
209,SKU-3147,Nam,Beleza,Nike,2657.86,1002.35,2.79,True
210,SKU-1715,Voluptas,Casa,LG,2893.1,1846.32,3.64,False
211,SKU-8355,Voluptatum,eletronicos,Adidas,2454.06,1029.69,14.49,False
212,SKU-4178,Sit,Roupas,Genérica,3618.78,2799.36,14.77,False
213,SKU-7256,Est,Beleza,Adidas,3084.67,1571.12,2.51,True
214,SKU-3267,Eius,Roupas,Samsung,3211.0,1992.71,13.12,True
215,SKU-9452,Nobis,Eletrônicos,LG,2854.26,975.98,2.49,False
216,SKU-3414,Voluptate,Casa,Samsung,3624.07,2802.15,3.41,False
217,SKU-1436,Commodi,Casa,Samsung,3541.98,1764.71,5.67,False
218,SKU-7142,Fuga,eletronicos,Samsung,3978.27,1827.39,1.58,True
219,SKU-3254,Voluptatibus,Eletrônicos,LG,3171.78,2406.42,7.14,True
220,SKU-8685,Iure,Casa,Adidas,3042.6,920.77,1.28,True
221,SKU-3449,Doloribus,Beleza,Genérica,886.15,535.62,6.41,True
222,SKU-2996,Blanditiis,Eletrônicos,Apple,973.43,496.37,11.93,False
223,SKU-9189,Dicta,Beleza,Adidas,279.34,86.1,7.78,True
224,SKU-5772,Tempore,Casa,Samsung,2882.62,1750.92,3.68,False
225,SKU-2402,Non,Beleza,LG,773.64,258.27,7.94,True
226,SKU-8702,Vel,Eletrônicos,Genérica,1580.1,779.69,5.66,True
227,SKU-2106,Minus,Roupas,Apple,1447.66,964.82,9.46,True
228,SKU-6772,Veritatis,Beleza,LG,559.64,395.53,2.71,False
229,SKU-8840,Ab,eletronicos,Apple,3923.85,1300.95,11.67,False
230,SKU-4302,Assumenda,Eletrônicos,Apple,176.83,131.36,4.8,True
231,SKU-9897,Velit,Casa,LG,2076.07,660.84,9.74,True
232,SKU-1783,Sunt,Roupas,LG,1447.19,524.23,5.58,False
233,SKU-7334,Quos,Roupas,Apple,2980.93,1633.85,7.51,True
234,SKU-7955,Quam,Eletrônicos,Nike,3210.56,1930.27,12.35,True
235,SKU-2311,Ipsum,Roupas,Genérica,1305.21,584.5,6.74,False
236,SKU-8272,Modi,Roupas,Nike,691.58,222.12,13.06,True
237,SKU-8126,Saepe,Roupas,Genérica,2470.96,1952.09,14.22,True
238,SKU-7655,Sapiente,Roupas,Adidas,2694.6,1887.7,10.22,True
239,SKU-8179,Quae,Eletrônicos,Apple,596.83,199.11,11.7,True
240,SKU-1530,Quos,Beleza,Apple,1467.74,938.66,14.24,True
241,SKU-2259,Magni,Beleza,Apple,1792.44,1012.24,6.03,True
242,SKU-2858,Minus,Eletrônicos,Genérica,1020.96,401.26,7.81,True
243,SKU-5264,Veniam,Casa,Apple,1069.25,853.46,4.36,False
244,SKU-3223,Est,Eletrônicos,Nike,824.71,318.61,10.73,True
245,SKU-6236,Est,Roupas,Genérica,3247.74,1079.77,8.18,True
246,SKU-3852,Perferendis,Roupas,Adidas,3409.91,1405.29,14.78,True
247,SKU-9094,Qui,Eletrônicos,LG,969.84,559.61,5.6,True
248,SKU-2412,Porro,Eletrônicos,LG,2459.43,1227.45,10.78,False
249,SKU-7708,Iusto,Beleza,Samsung,2117.01,767.76,4.82,True
250,SKU-9476,Delectus,Roupas,Apple,1816.4,1342.28,11.73,True
251,SKU-3114,Velit,Casa,Adidas,3078.09,2325.06,0.93,True
252,SKU-5982,Provident,eletronicos,Apple,2086.87,962.73,10.67,True
253,SKU-9501,Optio,Roupas,Samsung,3791.51,1612.54,9.56,True
254,SKU-5961,Non,Beleza,Adidas,526.93,182.69,9.65,True
255,SKU-6531,Maiores,Beleza,Samsung,709.67,505.72,0.52,True
256,SKU-5336,Libero,eletronicos,Adidas,3795.73,1929.34,9.62,False
257,SKU-9938,Iusto,Roupas,Genérica,3559.32,2770.31,7.3,False
258,SKU-2195,Neque,Eletrônicos,Apple,1210.81,629.38,7.32,True
259,SKU-3353,Facere,Roupas,Genérica,1380.56,634.59,14.82,True
260,SKU-3142,Eos,Roupas,Adidas,3902.24,2266.52,4.85,False
261,SKU-8366,Libero,eletronicos,Apple,516.41,179.92,4.42,False
262,SKU-7850,Quis,eletronicos,Apple,3460.73,2445.83,14.01,True
263,SKU-3610,Doloribus,Casa,Adidas,783.64,418.0,13.2,False
264,SKU-7442,Pariatur,Beleza,Nike,122.01,95.58,3.31,True
265,SKU-5609,Ea,Casa,Adidas,223.17,165.41,9.85,False
266,SKU-1133,Alias,Eletrônicos,Nike,1164.42,427.3,4.04,True
267,SKU-6995,Dicta,Eletrônicos,Nike,3062.51,997.09,8.47,True
268,SKU-2204,Illo,Casa,Adidas,2226.3,1169.2,8.29,True
269,SKU-2584,Provident,Casa,LG,540.79,377.18,5.15,True
270,SKU-4261,Delectus,Beleza,Adidas,3027.21,1515.71,0.7,True
271,SKU-6456,Asperiores,Casa,Adidas,574.03,303.37,9.13,True
272,SKU-6218,Cupiditate,eletronicos,Nike,1332.02,1059.37,11.12,True
273,SKU-9311,Debitis,Beleza,Adidas,2387.09,1300.78,8.49,False
274,SKU-7035,Ipsa,Roupas,Genérica,3268.52,1159.68,6.31,True
275,SKU-1436,Autem,Beleza,Nike,3193.12,1381.87,9.87,True
276,SKU-8871,Perspiciatis,eletronicos,Adidas,2893.96,1778.37,9.33,False
277,SKU-4968,Pariatur,Eletrônicos,Adidas,616.67,477.37,1.74,True
278,SKU-7861,Voluptatibus,eletronicos,Nike,1780.92,1149.14,6.21,False
279,SKU-2020,Omnis,eletronicos,Adidas,3495.09,1410.86,4.94,False
280,SKU-6140,Sequi,eletronicos,Nike,2116.14,1599.94,5.2,True
281,SKU-5331,Quos,Beleza,Nike,2713.2,1074.78,3.77,True
282,SKU-5876,Dolorem,Roupas,Genérica,922.72,372.45,10.6,True
283,SKU-5480,Ex,Roupas,Samsung,1934.82,1135.23,8.19,False
284,SKU-3399,Tenetur,Roupas,Samsung,3278.96,1455.25,10.74,True
285,SKU-5201,Commodi,Casa,Apple,3698.32,1483.15,8.12,True
286,SKU-4920,Dicta,eletronicos,Samsung,574.97,365.06,8.01,True
287,SKU-7771,At,Roupas,Genérica,238.39,127.83,10.25,True
288,SKU-3587,Numquam,Casa,Genérica,50.57,38.81,13.19,False
289,SKU-5706,Saepe,Roupas,LG,2612.64,1627.54,13.63,True
290,SKU-4804,Excepturi,Beleza,Genérica,2619.63,1733.04,14.06,True
291,SKU-3880,Illo,Eletrônicos,Nike,1689.0,1172.14,2.88,True
292,SKU-1151,Laboriosam,Roupas,Adidas,3510.67,2111.29,13.93,True
293,SKU-9901,Molestiae,Beleza,Nike,1159.71,863.55,2.1,False
294,SKU-2845,Fugiat,Roupas,Apple,1113.16,740.88,9.76,True
295,SKU-6523,Ad,Roupas,Adidas,85.91,54.74,2.98,False
296,SKU-9442,Iste,Roupas,Samsung,3313.15,1657.96,1.52,True
297,SKU-5064,Mollitia,Eletrônicos,LG,1925.49,946.93,6.76,True
298,SKU-5947,Ipsam,Beleza,Genérica,3817.52,2238.74,4.0,True
299,SKU-2017,Eum,Eletrônicos,Nike,2780.29,1260.59,6.14,True
300,SKU-5833,Cupiditate,Roupas,Adidas,2770.45,1137.06,14.36,False
301,SKU-7121,Incidunt,Casa,Genérica,638.15,366.69,7.12,True
302,SKU-2341,Possimus,Beleza,Nike,3054.58,1723.05,5.49,True
303,SKU-9972,Accusantium,Beleza,Apple,275.18,161.35,2.33,True
304,SKU-8239,Nam,Eletrônicos,Genérica,3422.31,1378.17,8.79,True
305,SKU-8298,Similique,Eletrônicos,Nike,3598.59,1316.98,6.29,True
306,SKU-6049,Iste,Eletrônicos,Nike,2248.42,960.59,0.14,True
307,SKU-1742,Temporibus,Casa,LG,2325.9,1512.28,8.16,True
308,SKU-2130,Optio,Casa,Samsung,3740.29,1658.99,2.78,True
309,SKU-7887,Autem,Roupas,Nike,3070.34,1609.68,13.77,False
310,SKU-9835,Dolor,eletronicos,Genérica,1521.31,1110.78,1.87,False
311,SKU-4648,Illo,Eletrônicos,Samsung,2129.5,1680.7,7.0,False
312,SKU-4762,Iusto,eletronicos,Nike,2141.78,1013.23,4.21,True
313,SKU-7868,Quod,Beleza,Samsung,157.9,66.37,1.1,True
314,SKU-1797,Quidem,eletronicos,Genérica,1802.37,580.58,6.64,True
315,SKU-1924,Cupiditate,eletronicos,Adidas,3024.91,2410.07,3.59,True
316,SKU-6253,Corporis,eletronicos,LG,2322.58,1714.36,14.79,True
317,SKU-5508,Quidem,Eletrônicos,Adidas,1671.83,1294.43,13.21,True
318,SKU-7999,Laudantium,Beleza,Nike,2515.19,813.52,5.23,False
319,SKU-6222,Expedita,Casa,Nike,3149.64,1179.88,5.71,False
320,SKU-4692,Labore,Roupas,Genérica,986.64,367.2,7.0,True
321,SKU-7824,Animi,Beleza,Adidas,2262.67,830.51,3.72,True
322,SKU-2295,Sed,Casa,LG,1341.14,464.35,10.9,True
323,SKU-7179,Corrupti,Beleza,Adidas,234.6,75.02,1.18,True
324,SKU-6455,Sint,Roupas,Samsung,1933.19,784.69,2.93,True
325,SKU-8846,Et,eletronicos,Genérica,2995.11,1803.66,3.15,True
326,SKU-5637,Reiciendis,Casa,Nike,2221.75,1259.35,5.45,True
327,SKU-9147,Voluptates,Casa,Samsung,1457.79,1022.51,10.86,True
328,SKU-7073,Dignissimos,Roupas,Nike,3659.89,1181.62,12.97,True
329,SKU-7841,Dicta,Roupas,Apple,94.39,37.58,3.53,True
330,SKU-6530,Eius,Roupas,Nike,2012.23,1576.09,9.66,False
331,SKU-6770,Eligendi,eletronicos,Apple,1859.49,1227.56,7.38,True
332,SKU-2217,Eveniet,Eletrônicos,Samsung,2110.06,1068.1,12.65,True
333,SKU-3474,Molestias,Eletrônicos,Apple,299.83,165.77,5.66,False
334,SKU-1257,Similique,Eletrônicos,Adidas,2647.36,1524.41,0.28,True
335,SKU-5697,Expedita,Eletrônicos,Adidas,2156.88,1524.01,10.14,True
336,SKU-2578,Molestiae,Beleza,Apple,454.86,191.26,9.33,True
337,SKU-5379,Ducimus,Casa,Samsung,3266.4,1589.19,6.15,True
338,SKU-4700,Perspiciatis,Roupas,Genérica,3961.23,2828.44,1.3,True
339,SKU-7213,Amet,Casa,Adidas,401.2,215.85,9.59,True
340,SKU-8109,Nam,Roupas,Adidas,358.26,282.55,14.61,True
341,SKU-8790,Aliquid,Roupas,Samsung,942.17,718.01,10.3,True
342,SKU-1539,Consequuntur,eletronicos,LG,3600.27,1108.27,3.19,True
343,SKU-7525,Odit,Eletrônicos,LG,3016.45,1149.95,3.68,False
344,SKU-9856,Ipsam,Roupas,Nike,2717.83,1842.16,2.19,True
345,SKU-6666,Quas,Eletrônicos,Samsung,2018.15,1046.5,12.6,True
346,SKU-7499,Illum,Roupas,Samsung,2432.52,1501.01,11.77,False
347,SKU-6829,Harum,Beleza,Nike,1977.7,1020.34,10.23,False
348,SKU-5839,Quas,eletronicos,Genérica,370.21,124.67,4.09,False
349,SKU-3527,Perferendis,Casa,LG,2855.36,1371.57,1.46,True
350,SKU-5419,Optio,Eletrônicos,Apple,1795.6,617.06,6.52,False
351,SKU-2468,Qui,Roupas,Adidas,440.07,152.5,9.01,True
352,SKU-1202,Sit,Roupas,Nike,3458.96,1708.38,1.36,True
353,SKU-3778,Quidem,Casa,Apple,2300.68,849.92,4.59,False
354,SKU-3739,Nam,Casa,LG,609.36,311.11,7.32,True
355,SKU-5040,Id,Casa,Adidas,1463.67,890.4,6.92,True
356,SKU-7483,Eius,Roupas,Adidas,1239.49,607.28,12.95,False
357,SKU-3230,A,Roupas,LG,1358.9,817.52,10.46,False
358,SKU-7524,Dignissimos,Roupas,LG,1277.31,852.52,9.53,True
359,SKU-5592,Repellendus,Casa,LG,1323.77,472.51,8.5,True
360,SKU-1440,Aperiam,Casa,Genérica,2736.4,1107.76,11.99,True
361,SKU-7703,Maxime,Casa,Apple,3281.29,2023.47,3.71,True
362,SKU-7176,Fugit,Eletrônicos,Nike,2869.49,2282.25,7.24,False
363,SKU-7853,Est,Beleza,Samsung,2151.44,1496.03,5.46,True
364,SKU-5067,Hic,Roupas,Apple,464.2,289.43,0.76,False
365,SKU-6432,Ratione,Casa,Samsung,3868.24,1180.87,3.96,True
366,SKU-7408,Debitis,Casa,Genérica,1799.74,1069.58,7.56,True
367,SKU-8909,Ex,Eletrônicos,LG,3990.88,2027.32,14.43,True
368,SKU-3321,Harum,Roupas,LG,3330.33,1570.36,11.79,False
369,SKU-2599,Quae,Casa,Genérica,1412.75,916.0,4.85,True
370,SKU-2885,Ipsa,Eletrônicos,LG,207.39,129.41,10.19,True
371,SKU-4996,Ullam,Beleza,Apple,3721.79,2143.59,5.03,False
372,SKU-4798,Facere,Casa,Genérica,3835.1,1504.22,9.64,False
373,SKU-4232,Incidunt,Casa,Adidas,1600.46,823.88,0.17,True
374,SKU-2025,Corrupti,Beleza,Samsung,846.96,592.66,8.1,True
375,SKU-8496,Aspernatur,Eletrônicos,LG,1324.16,841.31,7.39,True
376,SKU-7431,Unde,Beleza,Samsung,2399.97,1137.5,12.7,True
377,SKU-5873,Explicabo,Beleza,Adidas,3260.54,1116.33,2.1,True
378,SKU-2916,Voluptatibus,eletronicos,LG,977.13,631.93,7.71,False
379,SKU-7286,Veritatis,Casa,Apple,2397.81,1302.81,8.11,True
380,SKU-9022,Corrupti,Roupas,Apple,2233.0,878.8,12.65,True
381,SKU-1157,Corporis,Casa,Apple,3466.12,1378.01,5.82,False
382,SKU-9056,Dolorum,Casa,Genérica,1654.26,1190.98,7.38,True
383,SKU-4613,Beatae,Roupas,Samsung,2274.63,994.98,8.11,True
384,SKU-9115,Voluptate,Beleza,Adidas,3129.54,1116.01,1.8,True
385,SKU-1681,Odit,Casa,Adidas,2181.91,892.99,6.43,True
386,SKU-1528,Delectus,Casa,LG,1211.9,574.79,12.27,False
387,SKU-2923,Similique,eletronicos,Apple,3465.2,2444.19,8.86,True
388,SKU-8015,Quas,eletronicos,Adidas,3448.36,1274.58,3.18,True
389,SKU-6747,Ratione,Beleza,LG,3227.6,1931.49,2.61,True
390,SKU-5380,Sunt,Beleza,Genérica,1178.65,834.0,2.12,False
391,SKU-5543,Mollitia,eletronicos,Genérica,3677.51,2695.76,3.82,True
392,SKU-7434,Commodi,Casa,Apple,3319.07,1953.98,4.1,False
393,SKU-2237,Similique,Eletrônicos,Nike,1519.43,847.55,4.25,True
394,SKU-8996,Accusantium,Roupas,Adidas,1835.14,552.81,11.63,True
395,SKU-8511,Rem,Roupas,Samsung,2931.8,2045.92,6.03,False
396,SKU-9105,Dolores,Roupas,LG,3304.65,2360.08,5.13,True
397,SKU-8951,Eum,Roupas,Genérica,2277.58,1551.32,0.78,False
398,SKU-3588,Itaque,Casa,Nike,94.64,28.42,14.37,True
399,SKU-3161,Ipsum,Roupas,Apple,3982.91,2936.24,13.16,True
400,SKU-5102,Quia,Eletrônicos,LG,2628.71,1662.02,9.77,True
401,SKU-6005,Itaque,eletronicos,Nike,1603.48,1006.57,10.59,True
402,SKU-2276,Maiores,eletronicos,Adidas,877.28,362.4,10.23,True
403,SKU-6629,Aut,Eletrônicos,Nike,62.01,40.12,7.22,True
404,SKU-2678,Consequatur,Eletrônicos,LG,1550.79,750.24,4.56,False
405,SKU-3181,Incidunt,eletronicos,Samsung,3100.64,1752.65,0.23,True
406,SKU-4490,Voluptates,eletronicos,Nike,1777.19,1080.6,6.69,True
407,SKU-2646,Laborum,eletronicos,Samsung,374.15,222.54,5.82,False
408,SKU-3290,Magni,eletronicos,LG,1278.58,795.67,3.8,True
409,SKU-1439,Consectetur,Roupas,Apple,3122.51,1745.09,7.69,False
410,SKU-1894,Suscipit,eletronicos,Nike,1203.3,593.16,3.69,True
411,SKU-1197,Expedita,Roupas,LG,2127.3,778.57,12.93,False
412,SKU-3830,Officiis,Casa,Samsung,1480.69,456.56,1.11,True
413,SKU-1990,Ea,Casa,Adidas,886.5,392.94,10.72,False
414,SKU-7590,Doloribus,Eletrônicos,Genérica,1711.59,972.67,9.28,True
415,SKU-2294,Quae,Beleza,Apple,361.88,284.86,2.42,True
416,SKU-2083,Voluptatibus,Roupas,Genérica,1581.2,820.24,14.31,True
417,SKU-2412,Distinctio,Casa,Samsung,259.89,136.88,9.17,True
418,SKU-3877,Deleniti,Eletrônicos,Samsung,2674.34,1748.88,10.55,True
419,SKU-6680,Assumenda,Beleza,Adidas,2000.76,1383.51,10.84,True
420,SKU-5403,Laborum,Eletrônicos,Samsung,1506.32,704.21,6.5,True
421,SKU-2262,Et,Casa,Nike,1073.91,596.44,0.93,True
422,SKU-5179,Quis,Eletrônicos,Adidas,1489.72,949.04,1.82,True
423,SKU-1201,Necessitatibus,eletronicos,Samsung,204.83,109.77,5.81,True
424,SKU-1579,Tempore,Beleza,Genérica,740.47,496.36,6.35,True
425,SKU-6241,Deleniti,Roupas,Samsung,1015.6,594.91,1.88,True
426,SKU-9450,Numquam,Eletrônicos,Nike,742.0,248.17,7.03,True
427,SKU-6090,Officiis,Roupas,Samsung,3100.9,1787.81,0.22,True
428,SKU-5979,Ducimus,Beleza,Apple,1187.63,631.78,8.92,False
429,SKU-4201,Deserunt,Beleza,Apple,3991.21,1497.84,13.99,True
430,SKU-6675,Maxime,Eletrônicos,LG,955.0,287.2,9.89,True
431,SKU-9680,Laudantium,eletronicos,Nike,442.68,241.71,0.99,True
432,SKU-2524,Quo,Eletrônicos,Apple,2855.26,2137.57,7.84,True
433,SKU-2391,Animi,Beleza,Samsung,1850.08,1022.56,9.59,False
434,SKU-2020,Libero,Casa,Genérica,327.08,255.81,3.63,True
435,SKU-7438,Repellat,Roupas,LG,3408.13,1793.97,3.58,True
436,SKU-2785,Cum,eletronicos,Samsung,570.36,217.99,7.04,False
437,SKU-6870,Laboriosam,eletronicos,Nike,509.32,231.31,4.05,True
438,SKU-5984,Voluptate,Beleza,Samsung,388.97,158.51,12.86,True
439,SKU-5066,A,Roupas,Nike,392.12,218.3,10.19,True
440,SKU-3848,Voluptatum,Eletrônicos,Nike,3285.76,2389.73,8.38,True
441,SKU-2669,Asperiores,eletronicos,Samsung,406.06,124.25,12.47,True
442,SKU-7563,Itaque,Roupas,Genérica,548.94,337.68,9.71,True
443,SKU-2228,Harum,Eletrônicos,Samsung,3672.19,1464.75,9.73,True
444,SKU-6432,Eius,Eletrônicos,Samsung,395.16,304.72,0.85,False
445,SKU-7471,Modi,Casa,Samsung,3292.09,1617.62,6.46,True
446,SKU-4066,Totam,Roupas,LG,882.42,461.51,2.31,True
447,SKU-9173,Libero,Casa,Adidas,2599.7,1402.58,1.41,False
448,SKU-4267,Ipsam,Beleza,Apple,574.83,353.74,12.05,True
449,SKU-6883,Aspernatur,Casa,Adidas,3957.93,2733.81,5.23,True
450,SKU-3946,Soluta,Eletrônicos,LG,1571.87,940.86,0.54,True
451,SKU-8728,Sunt,Beleza,LG,262.61,179.47,14.99,True
452,SKU-4951,Nulla,Roupas,Adidas,427.53,302.75,13.77,True
453,SKU-4594,Placeat,Beleza,Nike,3063.28,1462.42,12.6,True
454,SKU-6210,Aliquid,Roupas,Adidas,729.12,229.02,10.54,True
455,SKU-4084,Odit,Casa,Adidas,2265.54,1029.75,7.41,True
456,SKU-4584,Laudantium,Eletrônicos,Adidas,252.99,136.36,5.04,True
457,SKU-6582,Mollitia,eletronicos,LG,3231.59,1065.71,2.3,True
458,SKU-9622,Laboriosam,Roupas,Samsung,3104.24,1511.13,14.13,False
459,SKU-6514,Deleniti,Roupas,LG,2356.49,867.72,2.45,False
460,SKU-8982,Magnam,Roupas,Apple,3173.61,2074.25,8.47,True
461,SKU-3872,A,Casa,LG,916.25,611.14,4.49,True
462,SKU-7415,Repudiandae,Beleza,Samsung,2923.46,1143.19,4.84,True
463,SKU-2705,Neque,Casa,Apple,2569.4,1196.27,1.26,True
464,SKU-3750,Accusantium,Eletrônicos,Genérica,3930.05,2495.63,10.97,True
465,SKU-5345,Qui,eletronicos,Apple,1803.12,1165.88,5.32,True
466,SKU-1788,Placeat,Casa,Nike,2890.04,1925.61,14.54,False
467,SKU-7204,Quidem,Roupas,Adidas,1987.54,969.27,12.45,True
468,SKU-2207,Odit,Eletrônicos,LG,675.75,209.51,3.99,True
469,SKU-3787,Corrupti,Casa,Apple,324.58,216.16,8.25,True
470,SKU-8909,Consectetur,Eletrônicos,Nike,1371.66,1057.86,2.56,False
471,SKU-2659,Optio,Roupas,Apple,653.7,514.59,6.2,True
472,SKU-5872,Ducimus,eletronicos,Samsung,2652.57,861.6,8.62,False
473,SKU-6911,Vero,Eletrônicos,Nike,639.75,219.96,12.38,False
474,SKU-1421,Tenetur,eletronicos,Apple,822.71,509.34,14.66,False
475,SKU-6052,Quia,Casa,Nike,3379.76,1840.44,9.95,True
476,SKU-7349,Reprehenderit,eletronicos,LG,2578.21,1914.96,5.6,False
477,SKU-8204,Eaque,Casa,LG,207.13,85.57,4.1,True
478,SKU-2584,Ut,Eletrônicos,Genérica,629.99,297.29,8.17,True
479,SKU-7342,Totam,Beleza,Nike,2227.8,1743.95,10.34,False
480,SKU-4860,Temporibus,Casa,LG,2303.68,782.05,13.55,True
481,SKU-9467,Nostrum,Beleza,Genérica,2023.34,1601.23,2.3,False
482,SKU-3738,Laudantium,eletronicos,Apple,716.33,260.09,6.41,False
483,SKU-3422,Reiciendis,Beleza,LG,831.62,382.44,10.93,True
484,SKU-7510,Odit,Beleza,LG,375.5,273.48,7.84,True
485,SKU-9561,Placeat,Casa,Samsung,3152.61,1599.07,2.31,True
486,SKU-2654,Facere,Roupas,Adidas,3701.96,2739.71,13.18,True
487,SKU-8955,Vel,Beleza,Adidas,1550.68,831.98,2.67,False
488,SKU-7581,In,Eletrônicos,Nike,601.1,447.69,5.04,True
489,SKU-8785,Neque,Roupas,LG,225.69,69.99,12.28,True
490,SKU-9054,Iure,Eletrônicos,Apple,1264.47,464.3,14.62,False
491,SKU-6257,Ad,Roupas,Genérica,3102.9,1577.47,9.72,True
492,SKU-7671,Soluta,Casa,Adidas,1783.61,1308.45,12.33,True
493,SKU-9303,Tenetur,Casa,Apple,290.5,200.52,7.91,True
494,SKU-4288,Officiis,Eletrônicos,Apple,719.74,227.82,0.85,True
495,SKU-5488,Doloribus,Roupas,Nike,2827.4,1562.32,9.57,True
496,SKU-4963,Quasi,Roupas,Nike,2734.26,1632.41,2.75,False
497,SKU-6730,Explicabo,Roupas,Apple,2359.91,1696.37,3.95,True
498,SKU-7333,Placeat,Eletrônicos,Apple,1161.73,844.47,11.72,True
499,SKU-4688,Nulla,eletronicos,LG,3432.73,2148.18,7.75,True
500,SKU-3167,Excepturi,eletronicos,Adidas,1912.17,1339.34,3.43,True
501,SKU-5511,Consequuntur,Casa,Nike,2859.58,2075.46,6.94,True
502,SKU-9530,Iste,Beleza,Nike,1882.79,1115.07,0.21,True
503,SKU-5631,In,Roupas,Genérica,2258.98,799.8,1.05,True
504,SKU-5536,Dicta,Roupas,Genérica,2573.16,1686.83,13.4,True
505,SKU-9475,Asperiores,eletronicos,Samsung,777.79,546.56,12.06,False
506,SKU-3292,Praesentium,Eletrônicos,Genérica,2652.31,1455.28,4.5,False
507,SKU-1578,Occaecati,Beleza,Genérica,1636.26,1304.71,12.26,True
508,SKU-4643,Aperiam,Beleza,Genérica,2914.4,2018.07,13.61,True
509,SKU-3785,Voluptas,Beleza,Apple,2044.04,913.47,7.11,True
510,SKU-3999,Rem,Roupas,Genérica,2908.99,1002.58,5.39,True
511,SKU-6428,Maxime,Roupas,LG,1699.28,1007.31,7.01,True
512,SKU-2166,Ex,Casa,Apple,1898.03,1044.37,13.03,False
513,SKU-7768,Ab,Eletrônicos,Apple,2133.46,786.57,3.08,False
514,SKU-8496,Sed,eletronicos,LG,3949.15,2887.61,2.79,True
515,SKU-3897,Et,Roupas,Genérica,1965.7,646.73,6.84,True
516,SKU-3762,Impedit,Beleza,Apple,3051.94,1662.66,11.48,True
517,SKU-8105,Quaerat,Casa,Nike,543.74,279.76,7.21,True
518,SKU-4267,Atque,Roupas,Samsung,179.77,134.11,11.38,True
519,SKU-1067,Doloremque,eletronicos,Apple,101.13,65.41,5.23,True
520,SKU-9246,Exercitationem,Beleza,LG,437.75,167.88,12.38,True
521,SKU-8469,Amet,Beleza,Adidas,3795.4,2133.24,6.56,True
522,SKU-9031,Enim,Roupas,Apple,1390.65,531.84,13.61,False
523,SKU-4675,Adipisci,eletronicos,Apple,105.93,70.66,8.89,True
524,SKU-1612,Temporibus,Casa,Genérica,518.95,222.06,8.07,True
525,SKU-1785,Dolorem,Eletrônicos,Genérica,2387.88,1714.64,0.82,True
526,SKU-7230,Cum,Eletrônicos,Adidas,1684.6,718.26,10.56,True
527,SKU-1152,Commodi,Roupas,Nike,2789.91,1759.97,9.97,True
528,SKU-3247,Sint,Casa,Samsung,2502.51,1390.87,9.3,True
529,SKU-2741,Nulla,Casa,Apple,482.63,291.75,11.69,True
530,SKU-7713,A,Roupas,Apple,1450.95,463.87,7.5,True
531,SKU-8875,Enim,Roupas,Apple,2762.17,832.43,10.11,True
532,SKU-9095,Dolores,eletronicos,Samsung,3345.87,2307.86,1.22,True
533,SKU-4787,Id,Casa,LG,3621.97,1564.92,0.85,True
534,SKU-5760,Temporibus,Roupas,Genérica,3500.34,1597.39,11.1,True
535,SKU-1751,Ab,Eletrônicos,Apple,3409.45,2153.67,2.64,True
536,SKU-5395,Et,Eletrônicos,LG,3581.27,2533.69,2.82,False
537,SKU-8479,Asperiores,Roupas,Nike,1618.99,1044.17,7.23,False
538,SKU-3732,Omnis,Eletrônicos,Apple,2605.92,1688.86,0.97,True
539,SKU-8908,Sit,Beleza,Genérica,441.74,229.3,9.21,True
540,SKU-3140,Quam,Casa,Nike,2457.09,875.88,6.23,True
541,SKU-6148,Exercitationem,Eletrônicos,Genérica,281.44,206.63,7.92,True
542,SKU-6542,Ea,Beleza,Adidas,3912.25,2519.96,9.31,False
543,SKU-5072,Autem,Casa,LG,2657.0,1678.84,9.66,True
544,SKU-1894,Illum,Eletrônicos,Genérica,3360.96,2578.48,7.63,False
545,SKU-3709,Velit,Eletrônicos,Nike,3411.93,1570.57,5.03,True
546,SKU-4648,Quam,Beleza,Genérica,229.89,112.49,12.27,True
547,SKU-8341,In,Eletrônicos,Nike,1852.61,969.9,1.87,False
548,SKU-1291,Corrupti,Eletrônicos,Nike,2988.6,1512.74,8.4,True
549,SKU-5990,Quis,Beleza,Adidas,3308.86,1334.88,10.1,True
550,SKU-1889,Pariatur,eletronicos,Nike,1472.47,686.15,11.53,False
551,SKU-6952,Recusandae,Casa,Samsung,2875.13,1002.61,9.92,True
552,SKU-5783,Rerum,Beleza,Adidas,1385.19,674.51,1.68,True
553,SKU-7704,Neque,Eletrônicos,LG,1984.92,1201.72,2.89,False
554,SKU-4122,Porro,Roupas,Samsung,885.89,601.14,0.79,True
555,SKU-8381,Ratione,Casa,Genérica,3095.42,1840.71,7.61,False
556,SKU-1795,Similique,Beleza,Nike,47.22,33.97,7.3,True
557,SKU-3845,Aut,eletronicos,Samsung,2776.52,1370.77,9.05,True
558,SKU-7302,Maiores,Casa,Adidas,2031.32,1539.65,11.46,True
559,SKU-6617,Optio,Roupas,Nike,1609.54,1130.54,2.16,True
560,SKU-9975,Soluta,Roupas,Genérica,3377.01,2257.22,8.35,True
561,SKU-5760,Saepe,Roupas,Genérica,827.53,303.15,10.68,True
562,SKU-6281,Adipisci,Eletrônicos,LG,2030.46,1179.98,8.78,False
563,SKU-9747,Vel,Roupas,Nike,2706.75,1905.96,7.89,True
564,SKU-1869,Fugit,Eletrônicos,Apple,1542.06,668.46,11.8,True
565,SKU-3399,Voluptate,Eletrônicos,Genérica,2743.06,1898.69,3.14,True
566,SKU-8415,Consequuntur,Eletrônicos,Adidas,1453.97,1067.24,11.12,True
567,SKU-7371,Nam,eletronicos,Adidas,2977.38,2060.8,12.0,True
568,SKU-1769,Aperiam,Casa,Nike,2780.96,1413.51,11.84,True
569,SKU-1881,Pariatur,Eletrônicos,Genérica,3864.36,1644.94,9.35,False
570,SKU-7025,Quod,Beleza,Adidas,3325.03,2225.2,3.03,True
571,SKU-3906,In,Eletrônicos,Apple,1197.89,935.83,11.05,True
572,SKU-8020,Qui,Roupas,Adidas,1527.48,660.05,2.5,True
573,SKU-8640,Soluta,eletronicos,Samsung,52.41,19.75,4.91,True
574,SKU-5934,Nemo,Casa,Adidas,3101.43,1783.57,1.19,True
575,SKU-4012,Maiores,Beleza,Samsung,2115.82,1466.54,2.47,False
576,SKU-4624,Labore,eletronicos,Genérica,395.02,184.06,5.48,True
577,SKU-9691,Magnam,Casa,Adidas,3802.72,2706.95,14.72,True
578,SKU-6668,Cum,Casa,Apple,485.45,365.18,9.24,True
579,SKU-6258,Iure,Casa,Samsung,3836.82,1891.31,8.15,True
580,SKU-9468,Temporibus,Roupas,Adidas,128.08,89.84,6.74,True
581,SKU-4154,Ipsum,Roupas,Adidas,1206.84,411.74,1.53,True
582,SKU-4453,Nemo,eletronicos,Genérica,2518.92,1289.95,1.65,False
583,SKU-2181,Sequi,eletronicos,Samsung,2596.85,1375.32,5.04,True
584,SKU-3916,Labore,Roupas,Adidas,320.79,107.54,12.34,True
585,SKU-8391,Dolorum,Casa,Nike,1648.3,755.26,5.9,True
586,SKU-2036,Esse,Beleza,Samsung,2153.29,1400.59,1.18,True
587,SKU-5937,Blanditiis,Beleza,Samsung,1180.65,520.38,13.91,False
588,SKU-1504,Assumenda,Casa,Apple,1598.6,905.98,2.13,False
589,SKU-9941,Rem,Roupas,Genérica,3193.18,1187.98,10.19,True
590,SKU-1182,Accusantium,Beleza,Adidas,3830.84,1420.04,0.72,False
591,SKU-2394,Fugit,Roupas,Apple,2162.49,1457.84,13.56,True
592,SKU-9397,Ea,eletronicos,Apple,870.6,341.27,9.29,True
593,SKU-3971,Est,Beleza,Samsung,801.48,581.63,13.99,False
594,SKU-2198,Qui,Roupas,Genérica,2589.36,864.02,1.56,False
595,SKU-6851,Voluptate,eletronicos,Genérica,3807.61,2390.18,1.59,True
596,SKU-6206,Totam,Casa,Nike,3603.47,1672.63,9.93,True
597,SKU-6971,Fugiat,Roupas,Nike,2275.24,874.42,4.77,True
598,SKU-8145,Placeat,Roupas,LG,2857.43,1049.11,11.02,False
599,SKU-6877,Fuga,Roupas,Nike,1867.51,1075.38,2.72,True
600,SKU-3293,Cumque,Beleza,Apple,3371.92,1455.38,13.31,True
601,SKU-1305,Expedita,Beleza,Genérica,2917.88,920.87,8.77,False
602,SKU-4485,Dolorum,Eletrônicos,Adidas,3083.73,1326.95,13.42,False
603,SKU-3435,Sapiente,Roupas,Nike,2626.02,1081.01,11.6,True
604,SKU-9210,Ducimus,Beleza,Samsung,561.51,279.85,7.58,True
605,SKU-3717,Beatae,Beleza,Apple,3396.49,1776.74,2.77,True
606,SKU-8921,Odit,Roupas,Samsung,2951.6,1208.41,7.37,True
607,SKU-4834,Pariatur,Eletrônicos,Genérica,1079.5,435.46,13.63,True
608,SKU-8448,Iure,Eletrônicos,Samsung,1570.73,1241.34,4.93,True
609,SKU-5314,Sequi,Beleza,Adidas,3344.44,1956.77,5.71,False
610,SKU-2275,Ut,Beleza,LG,1480.23,722.59,13.62,False
611,SKU-6653,Autem,Casa,Nike,1431.01,1064.08,0.2,True
612,SKU-4768,Consectetur,Eletrônicos,Adidas,1776.4,1104.45,3.25,True
613,SKU-2938,Vero,eletronicos,Nike,654.71,461.95,10.83,False
614,SKU-8848,Nemo,eletronicos,Adidas,2710.66,1031.74,12.52,True
615,SKU-3095,Veritatis,Beleza,Adidas,997.37,379.56,9.48,True
616,SKU-3406,Necessitatibus,Eletrônicos,Apple,3566.47,1530.48,2.78,False
617,SKU-1305,Molestiae,Roupas,Samsung,2409.45,983.77,9.14,False
618,SKU-3794,Quae,eletronicos,Nike,3473.19,2085.37,11.94,True
619,SKU-9369,Fugit,Roupas,Apple,2504.15,1657.98,5.21,False
620,SKU-2127,Est,eletronicos,Nike,2398.24,1181.69,1.72,True
621,SKU-9263,Non,Casa,Apple,2105.16,1268.9,2.74,True
622,SKU-9706,Quae,Beleza,Samsung,3514.68,1218.17,9.92,True
623,SKU-8069,Animi,Beleza,Nike,3590.97,1742.3,0.75,False
624,SKU-8899,Culpa,Casa,LG,941.06,559.48,11.15,True
625,SKU-5170,Velit,Casa,Apple,1719.19,1298.06,1.35,False
626,SKU-1089,Enim,Eletrônicos,Adidas,1053.49,591.29,7.84,False
627,SKU-6175,Minus,Casa,LG,2628.55,928.64,6.45,True
628,SKU-9783,Laudantium,Casa,Adidas,1067.37,515.35,4.21,False
629,SKU-7770,Aliquid,Beleza,Adidas,3027.24,1638.44,5.62,False
630,SKU-6024,Eligendi,Beleza,LG,1037.5,712.86,6.03,True
631,SKU-2951,Quasi,eletronicos,Nike,3424.35,2368.12,14.24,True
632,SKU-7562,Velit,Roupas,Adidas,881.4,535.02,10.3,True
633,SKU-1086,Aperiam,Eletrônicos,Apple,668.13,358.01,9.04,True
634,SKU-4633,Quae,Roupas,Samsung,284.4,171.92,10.89,False
635,SKU-9536,Dicta,Roupas,Genérica,2467.44,1928.96,0.96,True
636,SKU-8192,Quasi,Eletrônicos,Apple,2571.96,1865.4,13.97,True
637,SKU-9364,Tenetur,Beleza,Genérica,803.14,333.98,2.63,True
638,SKU-1004,Asperiores,eletronicos,Samsung,1458.17,1164.21,11.72,True
639,SKU-7642,Id,Beleza,Apple,2688.56,1502.56,11.08,True
640,SKU-5661,Odio,Beleza,Adidas,3679.13,1744.08,14.45,True
641,SKU-4187,Et,Casa,Nike,928.39,545.39,3.99,False
642,SKU-2185,Cumque,Beleza,LG,2039.77,958.65,1.84,True
643,SKU-5098,Iure,Casa,Nike,3508.17,2040.3,11.57,True
644,SKU-8517,Error,Casa,Adidas,3846.12,2811.56,7.28,True
645,SKU-4610,Incidunt,eletronicos,LG,298.19,150.95,5.36,True
646,SKU-5314,Cum,eletronicos,LG,2812.25,974.46,10.14,True
647,SKU-3924,Dolores,Casa,LG,331.83,158.21,13.43,True
648,SKU-4115,Ea,Casa,Genérica,755.65,302.14,11.06,True
649,SKU-4322,Assumenda,eletronicos,Adidas,850.91,406.75,11.71,True
650,SKU-9071,Iure,Beleza,Samsung,3683.15,2512.36,8.17,True
651,SKU-7081,Eos,Beleza,LG,3396.6,1855.12,14.78,True
652,SKU-9374,Sunt,Roupas,Nike,1978.5,813.25,8.69,True
653,SKU-7933,Totam,Casa,Adidas,2117.17,669.62,5.27,True
654,SKU-2972,Perspiciatis,Beleza,Nike,1845.07,844.72,0.23,True
655,SKU-2650,Commodi,Roupas,LG,1536.33,931.61,3.97,True
656,SKU-8722,Unde,Beleza,LG,971.44,469.17,7.53,True
657,SKU-7099,Maxime,Roupas,Nike,1693.8,744.96,2.78,True
658,SKU-4744,Quos,Eletrônicos,Genérica,3917.71,1704.1,3.61,False
659,SKU-4212,Maxime,eletronicos,Genérica,3429.55,1285.3,12.1,True
660,SKU-3203,Aliquid,Beleza,Adidas,1703.44,1124.75,11.8,True
661,SKU-1781,Veniam,Casa,Samsung,1026.37,662.29,0.99,True
662,SKU-2577,Corrupti,Casa,Genérica,1921.86,898.14,5.48,True
663,SKU-7746,Itaque,Eletrônicos,LG,1396.24,1024.4,14.45,True
664,SKU-9821,Iusto,eletronicos,LG,2320.11,1107.98,10.13,False
665,SKU-8322,Vitae,Eletrônicos,Nike,3105.74,1884.66,7.01,True
666,SKU-6527,Sit,Casa,Genérica,3476.98,2107.59,6.13,True
667,SKU-6629,Magni,eletronicos,LG,344.07,157.74,4.44,True
668,SKU-7479,Exercitationem,Roupas,Nike,2433.38,1680.22,14.09,False
669,SKU-4012,Quis,Eletrônicos,Apple,1673.54,1111.04,9.96,True
670,SKU-7505,Nemo,Eletrônicos,Samsung,865.97,287.41,13.19,True
671,SKU-7504,Eos,Beleza,Samsung,134.67,47.4,9.31,True
672,SKU-7387,Facilis,Roupas,Apple,2629.69,1114.19,4.33,True
673,SKU-3795,Dicta,Eletrônicos,Samsung,551.17,348.22,12.92,True
674,SKU-8654,Odit,Beleza,LG,3461.04,1987.58,2.11,True
675,SKU-8480,Doloribus,Beleza,Nike,2375.6,1334.44,9.63,True
676,SKU-8891,Dolores,Beleza,Apple,3638.42,2555.46,6.68,True
677,SKU-3551,Quibusdam,Roupas,Samsung,1666.45,500.01,12.25,True
678,SKU-8687,Odit,Beleza,Samsung,1395.22,898.36,7.43,False
679,SKU-8052,Aliquid,Roupas,Adidas,1219.45,506.81,0.21,True
680,SKU-8161,Deserunt,Casa,Apple,778.63,297.15,11.08,False
681,SKU-4614,Ea,Roupas,Samsung,3318.85,1696.33,3.67,True
682,SKU-9715,Nulla,Roupas,Nike,1160.17,457.11,1.12,True
683,SKU-8460,Laboriosam,Beleza,Nike,1179.69,514.43,9.38,True
684,SKU-3492,Similique,Eletrônicos,Adidas,1302.96,405.3,14.59,True
685,SKU-8183,Eos,Eletrônicos,Apple,1098.7,379.16,0.32,True
686,SKU-6104,Voluptas,Casa,LG,1387.39,737.87,11.89,True
687,SKU-3393,Omnis,Eletrônicos,LG,348.49,239.7,1.16,False
688,SKU-5097,Deleniti,Casa,Samsung,750.97,271.08,11.55,True
689,SKU-8257,Fugiat,eletronicos,Genérica,1557.65,1241.86,3.07,True
690,SKU-4415,Exercitationem,Casa,Nike,2098.92,1344.82,4.75,True
691,SKU-1691,Nisi,Beleza,Adidas,659.69,238.19,7.27,True
692,SKU-1853,Blanditiis,eletronicos,Samsung,818.93,342.3,6.57,True
693,SKU-5523,Aut,Beleza,Samsung,694.42,345.75,3.72,True
694,SKU-8786,Consequatur,Beleza,Apple,2336.88,1135.02,1.43,True
695,SKU-6544,Quia,Eletrônicos,Samsung,2014.68,962.53,2.39,True
696,SKU-4812,Praesentium,Roupas,Adidas,529.54,367.65,11.37,False
697,SKU-1349,Natus,Casa,LG,2940.76,1947.37,3.84,True
698,SKU-8168,Voluptate,Beleza,LG,1956.65,1117.97,7.4,True
699,SKU-6303,Fugiat,Casa,LG,2188.17,1605.75,9.02,True
700,SKU-3539,Eum,Casa,LG,303.44,215.35,8.17,False
701,SKU-9289,Praesentium,Casa,Genérica,32.86,12.91,0.38,True
702,SKU-4912,Est,Roupas,Genérica,3110.79,1031.76,14.51,False
703,SKU-9151,Sed,Beleza,Apple,783.78,475.38,4.91,True
704,SKU-9572,Harum,Eletrônicos,Samsung,468.54,336.22,2.03,True
705,SKU-8952,Tenetur,eletronicos,Samsung,832.25,262.92,9.66,False
706,SKU-9615,Ea,Beleza,Genérica,2641.95,1572.36,0.83,True
707,SKU-2161,Id,Eletrônicos,Apple,2435.64,1529.27,13.93,True
708,SKU-1994,Expedita,Roupas,Adidas,1888.19,1268.37,13.37,True
709,SKU-1955,Magni,Beleza,LG,3183.17,1796.93,11.04,True
710,SKU-4537,Voluptas,Beleza,Samsung,339.4,119.0,3.54,False
711,SKU-9621,Voluptatem,eletronicos,Adidas,782.16,479.2,2.77,False
712,SKU-6864,Animi,Casa,Genérica,2992.05,1892.83,13.25,True
713,SKU-7579,Ipsa,Beleza,LG,3176.07,1997.01,8.06,False
714,SKU-6163,Reprehenderit,Beleza,LG,3736.07,2699.04,6.24,False
715,SKU-6299,Illum,Beleza,Apple,3309.84,1924.91,3.29,True
716,SKU-8412,Necessitatibus,Casa,Nike,1459.23,437.91,0.62,True
717,SKU-9480,Perspiciatis,eletronicos,LG,2395.18,726.42,14.77,True
718,SKU-1355,Repellendus,Roupas,Adidas,3427.21,1904.28,8.6,True
719,SKU-8542,Ipsum,Roupas,Apple,404.32,149.28,5.57,True
720,SKU-5920,Alias,Eletrônicos,Adidas,954.99,477.4,13.78,True
721,SKU-8905,Molestias,eletronicos,Nike,2902.61,2069.14,10.37,True
722,SKU-5921,Esse,Eletrônicos,Genérica,2393.07,1685.13,5.79,True
723,SKU-6478,Consequuntur,Roupas,Nike,3689.83,1875.4,13.03,True
724,SKU-1187,Minus,Casa,Samsung,2998.28,1356.4,0.71,True
725,SKU-4617,Minus,eletronicos,Samsung,1327.52,845.39,14.96,False
726,SKU-9269,Unde,Eletrônicos,Apple,3018.78,1557.59,11.82,True
727,SKU-2352,Quidem,Casa,Adidas,554.79,373.18,8.27,True
728,SKU-9221,Rem,Casa,Genérica,367.76,134.3,2.11,True
729,SKU-4212,Commodi,Beleza,Adidas,1966.81,1570.57,7.91,True
730,SKU-8046,Eligendi,Roupas,Genérica,314.43,239.61,1.43,False
731,SKU-6706,Veniam,eletronicos,LG,1711.46,808.26,9.87,True
732,SKU-6729,Velit,Beleza,Nike,701.94,429.3,6.66,True
733,SKU-7124,Ad,eletronicos,Genérica,822.75,597.63,1.77,True
734,SKU-3419,Illo,Roupas,Samsung,994.9,469.23,12.08,True
735,SKU-1372,Harum,Roupas,Apple,1816.74,1217.23,3.26,True
736,SKU-3315,Placeat,Eletrônicos,Nike,2208.74,1306.47,9.99,True
737,SKU-1984,Eligendi,Roupas,Apple,1044.16,725.27,9.31,True
738,SKU-1136,Nobis,Eletrônicos,Nike,1875.89,1182.16,9.98,True
739,SKU-1312,Recusandae,Roupas,Genérica,3461.2,1707.28,14.7,True
740,SKU-8940,Recusandae,Beleza,Adidas,3618.37,1244.76,3.06,False
741,SKU-1352,Pariatur,Eletrônicos,Apple,2255.93,1717.07,4.64,False
742,SKU-3572,Perspiciatis,Eletrônicos,LG,1591.8,1022.18,5.4,True
743,SKU-9212,Earum,Roupas,Samsung,967.73,593.12,13.19,True
744,SKU-5590,Rem,eletronicos,Apple,3778.22,1779.14,5.95,True
745,SKU-7262,Consequuntur,Beleza,Genérica,378.55,229.48,9.42,True
746,SKU-3502,Odit,Casa,LG,1686.81,1273.32,5.01,True
747,SKU-3270,Fuga,Beleza,Adidas,850.83,546.25,3.11,True
748,SKU-9582,Fuga,eletronicos,Nike,1256.72,1002.67,14.64,True
749,SKU-3589,Repellendus,Roupas,Samsung,2635.24,1524.93,14.23,True
750,SKU-3384,Tempora,Eletrônicos,LG,761.02,563.2,6.27,False
751,SKU-5485,Corrupti,eletronicos,Apple,1234.29,436.18,2.85,True
752,SKU-4783,Fugiat,Beleza,Apple,2434.25,1011.32,0.49,True
753,SKU-8808,Quia,eletronicos,Adidas,2761.92,1997.06,7.08,True
754,SKU-7348,Odio,Casa,Nike,760.39,280.4,2.98,True
755,SKU-1245,Magni,Roupas,Nike,1652.1,679.47,10.1,True
756,SKU-2083,Corporis,eletronicos,Nike,3038.37,2228.84,7.4,True
757,SKU-5043,Officia,Casa,Nike,3471.1,2388.49,9.16,False
758,SKU-7457,Aut,Beleza,Genérica,2889.2,1692.98,8.09,True
759,SKU-8399,Recusandae,Casa,Samsung,2096.98,1549.44,3.76,False
760,SKU-1643,Esse,Beleza,Nike,3935.81,2196.43,9.5,True
761,SKU-8201,Voluptas,Casa,LG,783.71,538.28,4.36,True
762,SKU-1893,Sequi,Beleza,Apple,1707.17,907.86,9.73,True
763,SKU-2854,Voluptatibus,eletronicos,Adidas,2898.91,2229.03,10.47,True
764,SKU-6299,Ipsa,Casa,Samsung,1590.47,619.39,8.9,True
765,SKU-2477,Aliquam,Roupas,LG,3533.72,2282.28,13.62,True
766,SKU-3024,Odio,Eletrônicos,Samsung,2881.95,1882.24,9.55,True
767,SKU-7292,Porro,Beleza,Adidas,2109.55,1634.65,5.74,False
768,SKU-3799,Tempore,Roupas,Adidas,204.31,150.3,12.95,True
769,SKU-3930,Necessitatibus,Eletrônicos,Nike,3479.21,1579.67,10.98,False
770,SKU-3960,Ratione,Eletrônicos,Apple,1176.46,917.89,0.15,True
771,SKU-9153,Numquam,Casa,Adidas,78.46,55.22,9.16,False
772,SKU-8794,Dolor,Casa,Nike,974.38,507.59,9.06,True
773,SKU-9967,Quo,Roupas,Adidas,1001.51,615.25,12.32,True
774,SKU-3429,Doloremque,Eletrônicos,Genérica,224.21,106.39,2.27,True
775,SKU-5889,Illum,Roupas,Samsung,2677.98,869.05,6.31,True
776,SKU-5659,Consequatur,Beleza,Genérica,670.5,432.98,8.97,True
777,SKU-6901,Hic,Eletrônicos,Samsung,3866.18,2645.46,4.91,False
778,SKU-8001,Totam,Beleza,Samsung,3286.45,1467.13,2.1,True
779,SKU-7779,Incidunt,Beleza,Apple,1336.96,866.23,9.22,True
780,SKU-9666,Dolore,Eletrônicos,Nike,2298.33,1521.58,9.11,True
781,SKU-6185,Aperiam,Roupas,Adidas,1725.4,1013.8,9.39,True
782,SKU-9132,Perspiciatis,Beleza,Genérica,2468.73,1520.56,7.44,True
783,SKU-4812,Sint,Roupas,Apple,3538.14,1064.24,0.46,True
784,SKU-4396,Beatae,Beleza,Nike,2957.75,1499.64,5.07,True
785,SKU-4296,Accusamus,Roupas,LG,74.85,52.03,4.69,True
786,SKU-2865,Incidunt,Roupas,LG,3075.12,1531.49,8.58,True
787,SKU-4178,Neque,Roupas,LG,3333.21,2537.04,7.24,False
788,SKU-3224,Saepe,Casa,Apple,3195.1,1960.51,13.39,True
789,SKU-7782,Consequuntur,Eletrônicos,Adidas,1866.01,839.09,10.9,True
790,SKU-1306,Exercitationem,eletronicos,Adidas,2234.05,1435.93,12.01,True
791,SKU-3446,Adipisci,Roupas,Samsung,292.87,137.52,5.69,True
792,SKU-7382,Quos,eletronicos,Adidas,2296.8,823.22,11.76,True
793,SKU-6152,Corporis,Eletrônicos,LG,2829.91,1434.58,7.51,True
794,SKU-5958,Dolores,eletronicos,Adidas,1505.19,679.08,1.77,True
795,SKU-2517,Ipsum,Casa,Adidas,3117.83,974.22,7.29,True
796,SKU-8921,Quos,Beleza,LG,785.14,539.99,2.24,True
797,SKU-9456,Hic,eletronicos,Apple,3293.89,2181.49,6.94,True
798,SKU-1721,Explicabo,Beleza,Samsung,46.32,21.61,13.35,True
799,SKU-6119,Dolor,Eletrônicos,Adidas,2096.69,1424.17,9.62,True
800,SKU-4154,Dolore,Roupas,LG,1303.9,738.18,11.61,True
